open,high,low,close,volume,datetime
70.98,72.75,70.98,72.65,1958792,2016-12-07 01:00:00-05:00
72.33,72.39,71.86,72.09,1128773,2016-12-08 01:00:00-05:00
72.16,73.33,72.0801,73.11,2393599,2016-12-09 01:00:00-05:00
72.95,73.97,72.88,73.8,1778469,2016-12-12 01:00:00-05:00
73.8,74.49,73.65,73.95,1685088,2016-12-13 01:00:00-05:00
74.14,74.38,72.95,73.12,1320644,2016-12-14 01:00:00-05:00
73.02,73.85,72.84,73.41,1285393,2016-12-15 01:00:00-05:00
73.46,74.05,73.07,73.29,2421499,2016-12-16 01:00:00-05:00
73.32,73.47,72.635,72.92,5504583,2016-12-19 01:00:00-05:00
71.93,73.28,71.83,73.27,1409914,2016-12-20 01:00:00-05:00
73.21,73.99,72.99,73.15,1714735,2016-12-21 01:00:00-05:00
73.3,73.83,72.7,73.66,1687268,2016-12-22 01:00:00-05:00
73.57,73.65,73.08,73.57,615043,2016-12-23 01:00:00-05:00
73.57,74.06,73.26,73.85,657030,2016-12-27 01:00:00-05:00
73.82,73.9,73.32,73.43,674806,2016-12-28 01:00:00-05:00
73.51,74.14,73.33,73.96,1461617,2016-12-29 01:00:00-05:00
74.0,74.16,73.42,73.71,1041964,2016-12-30 01:00:00-05:00
73.71,73.71,72.83,73.37,1700599,2017-01-03 01:00:00-05:00
73.54,73.73,73.13,73.18,1097819,2017-01-04 01:00:00-05:00
73.04,73.38,72.36,73.11,1576146,2017-01-05 01:00:00-05:00
72.77,73.42,72.5999,73.13,1078310,2017-01-06 01:00:00-05:00
73.26,73.26,72.03,72.13,1586774,2017-01-09 01:00:00-05:00
72.28,72.35,71.62,71.66,1198518,2017-01-10 01:00:00-05:00
71.64,72.21,71.58,71.87,1154059,2017-01-11 01:00:00-05:00
71.81,72.33,71.67,71.92,1428685,2017-01-12 01:00:00-05:00
71.79,71.9,71.05,71.38,2150096,2017-01-13 01:00:00-05:00
71.5,72.05,71.48,72.03,2455852,2017-01-17 01:00:00-05:00
72.01,72.55,71.83,71.98,1975518,2017-01-18 01:00:00-05:00
71.91,72.1,71.68,71.78,1538414,2017-01-19 01:00:00-05:00
71.91,72.65,71.77,72.21,2522399,2017-01-20 01:00:00-05:00
72.2,72.4599,71.66,72.29,1655105,2017-01-23 01:00:00-05:00
72.3,72.87,72.16,72.61,1955421,2017-01-24 01:00:00-05:00
72.83,72.83,72.205,72.31,1605502,2017-01-25 01:00:00-05:00
72.31,72.58,71.95,72.09,1700463,2017-01-26 01:00:00-05:00
72.13,73.125,71.84,73.0,1911061,2017-01-27 01:00:00-05:00
73.05,73.05,72.3,72.67,1038458,2017-01-30 01:00:00-05:00
72.73,72.99,72.61,72.71,1205606,2017-01-31 01:00:00-05:00
72.31,72.51,71.45,71.9,1448570,2017-02-01 01:00:00-05:00
72.13,73.43,72.02,72.77,2030739,2017-02-02 01:00:00-05:00
73.02,73.79,72.57,73.36,1420790,2017-02-03 01:00:00-05:00
73.16,73.3199,72.27,72.33,1061458,2017-02-06 01:00:00-05:00
72.6,73.07,72.38,72.85,1972664,2017-02-07 01:00:00-05:00
72.85,73.6,72.68,73.49,2130689,2017-02-08 01:00:00-05:00
74.6,76.69,74.59,76.44,3654201,2017-02-09 01:00:00-05:00
76.16,76.56,75.71,76.0,2623176,2017-02-10 01:00:00-05:00
75.89,76.04,75.33,75.62,2463914,2017-02-13 01:00:00-05:00
75.5,76.15,75.25,75.92,1871737,2017-02-14 01:00:00-05:00
75.28,76.3,74.531,76.04,1934353,2017-02-15 01:00:00-05:00
75.89,76.44,74.37,74.71,3254816,2017-02-16 01:00:00-05:00
72.99,73.69,72.44,72.9,4179456,2017-02-17 01:00:00-05:00
74.11,74.88,73.84,74.74,3602762,2017-02-21 01:00:00-05:00
74.64,75.17,74.11,74.49,2143442,2017-02-22 01:00:00-05:00
74.57,75.02,74.52,74.8,1404831,2017-02-23 01:00:00-05:00
74.67,75.23,74.67,75.23,1714667,2017-02-24 01:00:00-05:00
74.44,74.8,73.73,73.88,1326725,2017-02-27 01:00:00-05:00
73.9,74.6,73.9,74.07,1789343,2017-02-28 01:00:00-05:00
74.07,74.84,73.75,74.83,1908500,2017-03-01 01:00:00-05:00
74.93,75.1,74.49,75.02,3104708,2017-03-02 01:00:00-05:00
75.03,75.03,74.07,74.47,2688893,2017-03-03 01:00:00-05:00
74.05,74.4,73.76,74.22,1379483,2017-03-06 01:00:00-05:00
74.15,74.76,74.08,74.14,1740674,2017-03-07 01:00:00-05:00
73.94,74.08,73.64,73.86,1370344,2017-03-08 01:00:00-05:00
74.11,74.29,73.72,74.1,1959934,2017-03-09 01:00:00-05:00
74.53,74.6499,74.03,74.19,1271375,2017-03-10 01:00:00-05:00
74.04,74.18,73.8439,74.15,1345994,2017-03-13 01:00:00-04:00
73.87,74.48,73.87,74.23,2105320,2017-03-14 01:00:00-04:00
74.38,75.0,74.23,74.75,1538120,2017-03-15 01:00:00-04:00
74.65,74.76,74.235,74.76,2111770,2017-03-16 01:00:00-04:00
75.09,75.31,74.73,75.11,3593631,2017-03-17 01:00:00-04:00
75.01,75.19,74.66,74.98,2655851,2017-03-20 01:00:00-04:00
74.06,74.29,73.46,73.6,4262847,2017-03-21 01:00:00-04:00
73.61,73.63,72.28,72.71,4567944,2017-03-22 01:00:00-04:00
72.72,73.55,72.38,73.11,3006277,2017-03-23 01:00:00-04:00
73.29,73.46,72.75,73.0,2932976,2017-03-24 01:00:00-04:00
72.84,73.0,72.402,72.56,2523285,2017-03-27 01:00:00-04:00
72.44,72.81,72.2,72.66,1742145,2017-03-28 01:00:00-04:00
72.67,73.16,72.3,73.08,2055681,2017-03-29 01:00:00-04:00
72.93,73.13,72.38,72.54,2143605,2017-03-30 01:00:00-04:00
72.45,72.92,72.45,72.61,2145622,2017-03-31 01:00:00-04:00
72.59,72.7499,72.141,72.37,2156056,2017-04-03 01:00:00-04:00
72.41,72.67,71.86,72.27,1420956,2017-04-04 01:00:00-04:00
72.34,72.97,72.18,72.75,1516649,2017-04-05 01:00:00-04:00
72.59,72.59,72.02,72.41,1777706,2017-04-06 01:00:00-04:00
72.36,72.73,72.255,72.59,1811150,2017-04-07 01:00:00-04:00
72.48,72.7622,72.13,72.27,1714867,2017-04-10 01:00:00-04:00
72.3,72.54,71.97,72.15,2045127,2017-04-11 01:00:00-04:00
72.07,72.59,71.97,72.33,2494405,2017-04-12 01:00:00-04:00
72.34,72.58,71.91,71.95,1698062,2017-04-13 01:00:00-04:00
72.08,72.37,72.0,72.31,1264860,2017-04-17 01:00:00-04:00
72.38,73.38,72.3,72.98,1831730,2017-04-18 01:00:00-04:00
73.15,73.33,72.47,72.66,1204554,2017-04-19 01:00:00-04:00
72.6,72.84,72.23,72.79,2164515,2017-04-20 01:00:00-04:00
72.54,72.78,72.325,72.42,2739164,2017-04-21 01:00:00-04:00
72.76,73.0,72.54,72.77,1863785,2017-04-24 01:00:00-04:00
72.81,72.97,72.34,72.35,2218019,2017-04-25 01:00:00-04:00
72.38,72.43,71.47,71.49,2428653,2017-04-26 01:00:00-04:00
71.56,71.62,70.78,70.96,2293782,2017-04-27 01:00:00-04:00
71.06,71.18,70.57,71.0,3897729,2017-04-28 01:00:00-04:00
71.09,71.19,70.13,70.15,2060918,2017-05-01 01:00:00-04:00
70.51,70.51,68.92,69.03,3625941,2017-05-02 01:00:00-04:00
69.12,69.2,68.67,68.94,2853706,2017-05-03 01:00:00-04:00
68.69,71.49,68.69,70.4,5349099,2017-05-04 01:00:00-04:00
70.74,70.74,69.99,70.69,2684877,2017-05-05 01:00:00-04:00
70.69,73.4314,70.25,72.7,6966653,2017-05-08 01:00:00-04:00
72.61,72.72,70.47,70.85,3663200,2017-05-09 01:00:00-04:00
70.82,71.31,70.78,71.05,1931561,2017-05-10 01:00:00-04:00
71.04,71.11,70.19,70.69,3431438,2017-05-11 01:00:00-04:00
70.46,70.95,70.3,70.83,1940536,2017-05-12 01:00:00-04:00
70.74,71.14,70.73,71.02,2310274,2017-05-15 01:00:00-04:00
71.14,71.17,70.19,70.35,2292371,2017-05-16 01:00:00-04:00
70.07,70.95,69.97,70.53,2528926,2017-05-17 01:00:00-04:00
70.38,70.54,69.85,70.08,2434480,2017-05-18 01:00:00-04:00
70.2,71.1,69.82,71.03,2606384,2017-05-19 01:00:00-04:00
70.6,71.43,70.6,71.31,1221985,2017-05-22 01:00:00-04:00
71.35,71.82,71.26,71.61,1986113,2017-05-23 01:00:00-04:00
71.61,72.6,71.56,72.52,2594480,2017-05-24 01:00:00-04:00
72.85,73.12,72.409,72.68,2218299,2017-05-25 01:00:00-04:00
72.81,73.03,72.29,72.62,1313136,2017-05-26 01:00:00-04:00
71.94,71.94,71.18,71.68,1827243,2017-05-30 01:00:00-04:00
71.81,72.17,71.55,71.6,1711791,2017-05-31 01:00:00-04:00
71.89,72.95,71.56,72.94,2075294,2017-06-01 01:00:00-04:00
73.5,73.5,72.73,72.97,1760669,2017-06-02 01:00:00-04:00
72.66,73.04,72.55,72.95,1542917,2017-06-05 01:00:00-04:00
72.84,73.09,72.64,72.84,1176736,2017-06-06 01:00:00-04:00
72.75,73.23,72.7,73.13,1630954,2017-06-07 01:00:00-04:00
72.97,73.25,72.23,72.25,1860306,2017-06-08 01:00:00-04:00
72.19,72.77,72.08,72.66,1403820,2017-06-09 01:00:00-04:00
72.79,73.63,72.75,73.08,2518750,2017-06-12 01:00:00-04:00
72.87,73.47,72.33,73.3,1676159,2017-06-13 01:00:00-04:00
73.56,74.28,73.44,73.49,1690515,2017-06-14 01:00:00-04:00
73.3,73.64,72.885,73.1,1661607,2017-06-15 01:00:00-04:00
72.94,73.0,71.08,71.88,3595785,2017-06-16 01:00:00-04:00
72.0,72.13,71.355,71.76,2270632,2017-06-19 01:00:00-04:00
71.8,72.0,71.06,71.09,1785257,2017-06-20 01:00:00-04:00
71.28,71.47,70.39,70.48,1598165,2017-06-21 01:00:00-04:00
70.5,70.95,70.35,70.41,1602119,2017-06-22 01:00:00-04:00
70.5,70.89,70.39,70.56,1714985,2017-06-23 01:00:00-04:00
70.77,71.3554,70.53,70.99,1204886,2017-06-26 01:00:00-04:00
70.12,70.27,69.29,69.34,3023629,2017-06-27 01:00:00-04:00
69.87,70.36,69.5,69.53,2100840,2017-06-28 01:00:00-04:00
69.5,69.58,68.56,68.69,3505569,2017-06-29 01:00:00-04:00
69.11,69.91,69.05,69.46,2498291,2017-06-30 01:00:00-04:00
69.58,69.58,68.74,68.76,1086069,2017-07-03 01:00:00-04:00
68.73,68.95,67.5701,67.7,4124401,2017-07-05 01:00:00-04:00
67.53,67.8008,66.5,66.55,2709384,2017-07-06 01:00:00-04:00
66.65,66.9,66.41,66.52,2991169,2017-07-07 01:00:00-04:00
66.54,66.69,65.78,65.87,2589777,2017-07-10 01:00:00-04:00
65.63,66.08,65.32,65.34,2707223,2017-07-11 01:00:00-04:00
65.74,66.17,65.655,65.74,1370735,2017-07-12 01:00:00-04:00
65.76,66.1899,65.6101,66.02,2022137,2017-07-13 01:00:00-04:00
66.3,66.45,66.15,66.38,1414307,2017-07-14 01:00:00-04:00
66.23,66.94,66.23,66.75,1785028,2017-07-17 01:00:00-04:00
66.7,66.75,66.15,66.26,1957178,2017-07-18 01:00:00-04:00
66.44,66.7,66.23,66.35,1775053,2017-07-19 01:00:00-04:00
66.45,66.86,66.24,66.75,3329692,2017-07-20 01:00:00-04:00
66.61,67.28,66.54,67.22,1462427,2017-07-21 01:00:00-04:00
67.25,67.49,66.65,66.83,1739680,2017-07-24 01:00:00-04:00
66.97,67.701,66.83,67.57,1772759,2017-07-25 01:00:00-04:00
67.57,67.64,67.05,67.31,1156766,2017-07-26 01:00:00-04:00
67.27,67.75,67.05,67.68,2414509,2017-07-27 01:00:00-04:00
67.65,67.8,67.35,67.65,1787928,2017-07-28 01:00:00-04:00
67.75,68.19,67.54,68.0,4103939,2017-07-31 01:00:00-04:00
67.96,68.145,67.29,67.46,2021449,2017-08-01 01:00:00-04:00
67.21,67.98,66.53,67.44,2580473,2017-08-02 01:00:00-04:00
68.1,70.93,67.81,70.36,5046709,2017-08-03 01:00:00-04:00
71.52,71.65,69.37,69.62,2864661,2017-08-04 01:00:00-04:00
69.81,70.145,69.62,70.11,2923946,2017-08-07 01:00:00-04:00
69.84,69.94,68.96,69.22,1702661,2017-08-08 01:00:00-04:00
69.03,69.32,68.89,69.04,1565860,2017-08-09 01:00:00-04:00
68.84,69.04,68.6,68.75,2022562,2017-08-10 01:00:00-04:00
68.63,69.0,68.48,68.81,1054904,2017-08-11 01:00:00-04:00
69.25,69.87,69.02,69.86,1984615,2017-08-14 01:00:00-04:00
69.89,70.08,69.63,69.81,1405651,2017-08-15 01:00:00-04:00
69.71,70.54,69.71,70.07,1297099,2017-08-16 01:00:00-04:00
69.94,70.59,69.92,70.1,2106198,2017-08-17 01:00:00-04:00
70.05,70.07,69.54,69.95,1975934,2017-08-18 01:00:00-04:00
69.97,70.68,69.675,70.2,1281028,2017-08-21 01:00:00-04:00
70.14,70.26,69.72,70.0,1861151,2017-08-22 01:00:00-04:00
69.69,70.07,69.58,69.91,1756368,2017-08-23 01:00:00-04:00
69.43,69.44,67.82,67.91,2713748,2017-08-24 01:00:00-04:00
68.0,68.1,67.4,67.71,2241284,2017-08-25 01:00:00-04:00
67.76,67.81,66.31,66.78,2045489,2017-08-28 01:00:00-04:00
66.76,66.99,66.06,66.3,1833893,2017-08-29 01:00:00-04:00
66.0,66.18,65.49,66.05,2120328,2017-08-30 01:00:00-04:00
65.64,66.1,65.16,65.46,3006513,2017-08-31 01:00:00-04:00
65.47,65.79,65.06,65.45,2474695,2017-09-01 01:00:00-04:00
65.48,66.64,65.43,66.4,3256581,2017-09-05 01:00:00-04:00
66.35,67.87,65.94,67.84,4069122,2017-09-06 01:00:00-04:00
67.95,68.43,67.22,67.75,2490438,2017-09-07 01:00:00-04:00
67.715,68.8,67.38,68.45,2764777,2017-09-08 01:00:00-04:00
68.6,69.11,68.56,68.77,2665675,2017-09-11 01:00:00-04:00
68.69,69.22,68.35,68.49,1437159,2017-09-12 01:00:00-04:00
68.53,68.77,67.87,67.98,1763957,2017-09-13 01:00:00-04:00
67.84,68.03,67.2,67.62,2732582,2017-09-14 01:00:00-04:00
67.67,68.32,67.62,68.32,2579089,2017-09-15 01:00:00-04:00
68.31,68.65,68.09,68.61,1876393,2017-09-18 01:00:00-04:00
67.87,68.03,65.6,65.87,5904370,2017-09-19 01:00:00-04:00
64.89,65.59,63.7,64.72,6004059,2017-09-20 01:00:00-04:00
64.72,64.99,63.72,63.92,2341994,2017-09-21 01:00:00-04:00
64.08,64.38,63.11,63.36,1962218,2017-09-22 01:00:00-04:00
63.32,64.23,63.0,64.03,2996721,2017-09-25 01:00:00-04:00
63.93,63.95,62.97,63.42,2929146,2017-09-26 01:00:00-04:00
63.42,63.48,62.41,63.04,3092079,2017-09-27 01:00:00-04:00
62.94,63.77,62.3,62.81,3940227,2017-09-28 01:00:00-04:00
63.05,63.175,62.11,62.37,4069148,2017-09-29 01:00:00-04:00
62.22,63.12,61.7,62.72,4200248,2017-10-02 01:00:00-04:00
62.71,62.82,61.99,62.02,2831708,2017-10-03 01:00:00-04:00
61.98,62.82,61.96,62.42,2804130,2017-10-04 01:00:00-04:00
62.56,63.15,62.3701,62.7,2251529,2017-10-05 01:00:00-04:00
62.91,63.185,62.33,62.4,3205758,2017-10-06 01:00:00-04:00
62.42,62.48,61.03,61.04,4129701,2017-10-09 01:00:00-04:00
61.27,61.73,61.12,61.47,3694088,2017-10-10 01:00:00-04:00
61.54,61.95,61.22,61.25,4974925,2017-10-11 01:00:00-04:00
61.19,62.59,61.19,62.39,3105660,2017-10-12 01:00:00-04:00
62.44,62.4623,61.64,61.96,2875791,2017-10-13 01:00:00-04:00
61.89,62.26,61.82,61.91,1755148,2017-10-16 01:00:00-04:00
61.87,62.09,61.59,61.74,2032225,2017-10-17 01:00:00-04:00
61.75,61.955,61.53,61.79,2688807,2017-10-18 01:00:00-04:00
61.72,61.97,61.41,61.7,2222035,2017-10-19 01:00:00-04:00
61.66,61.75,60.96,61.45,3907968,2017-10-20 01:00:00-04:00
61.55,61.92,61.32,61.48,3461663,2017-10-23 01:00:00-04:00
61.46,61.74,60.97,61.2,3030512,2017-10-24 01:00:00-04:00
60.96,61.06,60.005,60.48,4314769,2017-10-25 01:00:00-04:00
60.76,60.89,60.03,60.55,3217503,2017-10-26 01:00:00-04:00
60.42,60.49,59.82,60.26,3143504,2017-10-27 01:00:00-04:00
60.07,60.16,58.76,58.87,6126042,2017-10-30 01:00:00-04:00
62.49,63.93,61.77,62.53,11598383,2017-10-31 01:00:00-04:00
62.64,63.72,61.81,63.01,4620455,2017-11-01 01:00:00-04:00
62.84,63.07,62.335,62.38,3334790,2017-11-02 01:00:00-04:00
62.44,62.4899,61.65,61.96,3072355,2017-11-03 01:00:00-04:00
61.85,61.85,60.19,60.2,3584785,2017-11-06 01:00:00-05:00
60.25,61.39,60.13,60.84,6320077,2017-11-07 01:00:00-05:00
61.0,62.97,60.86,62.82,4624456,2017-11-08 01:00:00-05:00
62.69,63.42,62.485,63.28,4600699,2017-11-09 01:00:00-05:00
63.04,65.19,62.91,64.7,6215498,2017-11-10 01:00:00-05:00
64.6,65.0,63.62,63.76,3419122,2017-11-13 01:00:00-05:00
63.75,65.25,63.6,65.18,4270135,2017-11-14 01:00:00-05:00
65.0,65.06,63.0,63.74,4553501,2017-11-15 01:00:00-05:00
64.05,65.34,63.88,65.28,2948829,2017-11-16 01:00:00-05:00
64.98,65.84,64.93,65.36,4617495,2017-11-17 01:00:00-05:00
65.28,66.22,65.25,65.56,4112934,2017-11-20 01:00:00-05:00
65.27,65.27,64.07,64.35,3875627,2017-11-21 01:00:00-05:00
64.94,64.94,64.16,64.71,1771319,2017-11-22 01:00:00-05:00
64.96,65.03,64.5,64.93,797500,2017-11-24 01:00:00-05:00
64.9,65.34,64.4,65.07,1877952,2017-11-27 01:00:00-05:00
65.23,65.96,64.78,65.94,2060681,2017-11-28 01:00:00-05:00
65.59,67.74,65.59,66.8,3235385,2017-11-29 01:00:00-05:00
66.79,67.225,65.74,66.16,4505857,2017-11-30 01:00:00-05:00
66.02,66.53,65.09,65.99,3329835,2017-12-01 01:00:00-05:00
66.15,67.72,65.97,67.54,4200559,2017-12-04 01:00:00-05:00
67.65,68.29,67.28,67.97,4446173,2017-12-05 01:00:00-05:00
67.97,68.29,67.635,68.13,1890699,2017-12-06 01:00:00-05:00
68.0,68.13,67.24,67.27,1758892,2017-12-07 01:00:00-05:00
67.07,67.23,66.36,66.53,2361225,2017-12-08 01:00:00-05:00
66.46,66.625,66.03,66.55,1767436,2017-12-11 01:00:00-05:00
66.62,66.62,65.93,65.95,2145728,2017-12-12 01:00:00-05:00
66.22,66.32,65.79,65.83,3051268,2017-12-13 01:00:00-05:00
65.75,65.87,65.01,65.05,3022173,2017-12-14 01:00:00-05:00
65.18,65.92,64.21,64.99,7038530,2017-12-15 01:00:00-05:00
65.1,66.13,64.9,65.64,4558780,2017-12-18 01:00:00-05:00
65.93,66.02,65.38,65.47,5184249,2017-12-19 01:00:00-05:00
65.72,67.15,65.14,66.87,5328189,2017-12-20 01:00:00-05:00
66.9,67.84,66.83,67.65,3461334,2017-12-21 01:00:00-05:00
67.78,68.25,67.67,68.1,2452259,2017-12-22 01:00:00-05:00
67.96,68.225,67.8,68.15,1372781,2017-12-26 01:00:00-05:00
68.21,68.71,68.09,68.29,1603101,2017-12-27 01:00:00-05:00
68.23,68.385,67.77,68.03,1538548,2017-12-28 01:00:00-05:00
68.16,68.62,67.96,67.98,1154845,2017-12-29 01:00:00-05:00
68.03,68.17,67.6,67.97,2978186,2018-01-02 01:00:00-05:00
68.11,68.13,67.41,67.65,2223443,2018-01-03 01:00:00-05:00
67.73,68.77,67.49,68.73,2438803,2018-01-04 01:00:00-05:00
68.85,69.19,68.6,68.94,2211935,2018-01-05 01:00:00-05:00
68.87,69.21,68.62,69.17,1941119,2018-01-08 01:00:00-05:00
69.2,69.21,68.595,68.78,3051352,2018-01-09 01:00:00-05:00
68.34,68.46,66.82,67.02,3379864,2018-01-10 01:00:00-05:00
67.29,67.29,65.57,65.98,3897367,2018-01-11 01:00:00-05:00
66.01,66.06,64.6601,64.69,4940164,2018-01-12 01:00:00-05:00
65.25,66.2,65.06,65.94,4747416,2018-01-16 01:00:00-05:00
66.22,67.38,66.13,66.51,3809560,2018-01-17 01:00:00-05:00
66.37,66.37,65.36,65.8,3429804,2018-01-18 01:00:00-05:00
65.95,67.01,65.8,66.62,3454603,2018-01-19 01:00:00-05:00
66.95,67.19,66.28,67.17,2143906,2018-01-22 01:00:00-05:00
66.97,67.32,66.51,66.93,1788498,2018-01-23 01:00:00-05:00
67.04,67.8501,67.01,67.3,4236767,2018-01-24 01:00:00-05:00
67.37,68.35,67.33,67.91,2206212,2018-01-25 01:00:00-05:00
67.79,68.44,67.62,68.33,2352899,2018-01-26 01:00:00-05:00
68.12,68.41,67.73,67.76,2125407,2018-01-29 01:00:00-05:00
67.67,68.24,67.11,67.94,2788978,2018-01-30 01:00:00-05:00
68.03,68.55,67.42,68.11,3145647,2018-01-31 01:00:00-05:00
68.0,68.96,67.17,68.32,3026768,2018-02-01 01:00:00-05:00
68.17,68.17,65.42,65.45,3240426,2018-02-02 01:00:00-05:00
65.64,66.34,64.075,64.13,4194789,2018-02-05 01:00:00-05:00
63.14,65.31,62.96,65.16,5066171,2018-02-06 01:00:00-05:00
65.17,66.7,64.16,64.21,4871263,2018-02-07 01:00:00-05:00
64.59,67.32,64.55,65.98,5911815,2018-02-08 01:00:00-05:00
66.6,67.78,66.0,67.33,4226515,2018-02-09 01:00:00-05:00
67.65,68.47,66.96,67.07,3287655,2018-02-12 01:00:00-05:00
66.89,67.8,66.67,67.49,3139781,2018-02-13 01:00:00-05:00
67.32,68.02,66.72,67.74,2367296,2018-02-14 01:00:00-05:00
68.1,69.93,67.35,69.82,3559679,2018-02-15 01:00:00-05:00
69.14,69.89,68.79,69.66,2020042,2018-02-16 01:00:00-05:00
69.33,70.29,69.33,69.68,3399810,2018-02-20 01:00:00-05:00
69.51,69.86,68.25,68.31,2780895,2018-02-21 01:00:00-05:00
68.34,69.6,68.16,68.26,1825942,2018-02-22 01:00:00-05:00
68.13,68.54,66.92,68.54,2779069,2018-02-23 01:00:00-05:00
68.46,69.16,67.8,68.95,1917715,2018-02-26 01:00:00-05:00
69.0,69.3,67.11,67.13,3125130,2018-02-27 01:00:00-05:00
67.24,67.47,66.18,66.2,2130000,2018-02-28 01:00:00-05:00
66.81,67.84,66.4,66.91,2790468,2018-03-01 01:00:00-05:00
66.37,67.98,66.37,67.68,2292979,2018-03-02 01:00:00-05:00
67.43,69.22,67.42,69.2,3908560,2018-03-05 01:00:00-05:00
69.15,70.01,68.83,69.9,3269530,2018-03-06 01:00:00-05:00
69.01,69.7,68.62,69.3,1906918,2018-03-07 01:00:00-05:00
69.5,69.73,69.03,69.64,1452970,2018-03-08 01:00:00-05:00
69.85,70.81,69.3,70.25,2907986,2018-03-09 01:00:00-05:00
70.39,71.08,69.83,69.83,2463709,2018-03-12 01:00:00-04:00
70.15,70.62,69.46,69.64,2737479,2018-03-13 01:00:00-04:00
69.91,70.66,68.89,69.0,2557250,2018-03-14 01:00:00-04:00
69.01,69.36,66.48,66.99,3555956,2018-03-15 01:00:00-04:00
67.19,67.72,65.88,66.44,8421158,2018-03-16 01:00:00-04:00
66.37,67.29,66.15,66.43,3552674,2018-03-19 01:00:00-04:00
66.63,67.14,65.87,66.32,4128552,2018-03-20 01:00:00-04:00
63.98,64.31,63.03,63.68,5261287,2018-03-21 01:00:00-04:00
63.61,64.48,63.35,63.37,2918946,2018-03-22 01:00:00-04:00
63.65,64.35,62.95,62.95,2202967,2018-03-23 01:00:00-04:00
63.75,64.24,63.28,64.13,1723789,2018-03-26 01:00:00-04:00
64.4,65.03,64.16,64.38,1966727,2018-03-27 01:00:00-04:00
64.52,65.02,63.77,63.9,3488590,2018-03-28 01:00:00-04:00
64.18,65.24,64.18,65.01,1946649,2018-03-29 01:00:00-04:00
64.97,64.99,62.88,63.12,1545395,2018-04-02 01:00:00-04:00
63.44,63.54,62.5331,63.37,1878834,2018-04-03 01:00:00-04:00
63.0,65.53,62.99,64.93,2357482,2018-04-04 01:00:00-04:00
65.16,65.38,64.37,64.56,1294148,2018-04-05 01:00:00-04:00
64.5,65.44,63.77,64.24,1653445,2018-04-06 01:00:00-04:00
64.51,65.25,63.95,64.48,1532059,2018-04-09 01:00:00-04:00
64.61,65.02,63.47,63.62,3105856,2018-04-10 01:00:00-04:00
63.52,63.8,63.14,63.35,1701825,2018-04-11 01:00:00-04:00
63.4,63.55,62.54,62.61,1796275,2018-04-12 01:00:00-04:00
62.69,63.13,62.41,63.06,2187536,2018-04-13 01:00:00-04:00
62.95,63.88,62.43,63.83,2404273,2018-04-16 01:00:00-04:00
64.19,64.35,63.46,63.79,1918740,2018-04-17 01:00:00-04:00
63.66,63.815,63.25,63.41,2529079,2018-04-18 01:00:00-04:00
63.16,63.28,61.92,62.2,1943905,2018-04-19 01:00:00-04:00
62.15,62.61,59.8,60.27,4461003,2018-04-20 01:00:00-04:00
60.38,60.69,59.99,60.52,1516133,2018-04-23 01:00:00-04:00
60.72,60.9,59.915,60.46,1895035,2018-04-24 01:00:00-04:00
60.35,61.43,60.29,60.95,2223815,2018-04-25 01:00:00-04:00
60.94,61.02,58.71,60.1,4916349,2018-04-26 01:00:00-04:00
60.19,60.74,60.12,60.24,3094185,2018-04-27 01:00:00-04:00
60.26,60.475,58.85,58.9,3671418,2018-04-30 01:00:00-04:00
58.81,59.079,58.21,58.75,3087724,2018-05-01 01:00:00-04:00
58.57,58.575,56.4,56.65,4451166,2018-05-02 01:00:00-04:00
58.501,58.87,57.36,58.15,7239877,2018-05-03 01:00:00-04:00
58.31,60.65,58.25,59.8,5641510,2018-05-04 01:00:00-04:00
59.78,60.62,59.78,60.49,3409172,2018-05-07 01:00:00-04:00
60.34,60.63,59.99,60.3,2197653,2018-05-08 01:00:00-04:00
60.49,61.17,60.04,60.33,2165748,2018-05-09 01:00:00-04:00
60.61,61.19,60.47,61.04,2227135,2018-05-10 01:00:00-04:00
61.15,61.7,60.9,61.39,2198883,2018-05-11 01:00:00-04:00
61.48,61.72,61.08,61.65,3275058,2018-05-14 01:00:00-04:00
61.49,61.88,60.76,61.25,2774844,2018-05-15 01:00:00-04:00
61.38,61.68,61.1,61.49,2154598,2018-05-16 01:00:00-04:00
61.61,61.68,60.95,61.18,1792892,2018-05-17 01:00:00-04:00
60.6,60.68,59.29,60.19,3741734,2018-05-18 01:00:00-04:00
60.48,61.37,60.1241,60.77,2504260,2018-05-21 01:00:00-04:00
60.98,62.13,60.78,61.52,2603530,2018-05-22 01:00:00-04:00
61.83,62.32,61.54,62.23,1999466,2018-05-23 01:00:00-04:00
62.29,63.58,62.22,63.51,3923178,2018-05-24 01:00:00-04:00
63.6,65.57,63.4,65.23,4612135,2018-05-25 01:00:00-04:00
64.76,65.42,64.13,64.58,3727675,2018-05-29 01:00:00-04:00
64.76,66.27,64.44,65.97,3085783,2018-05-30 01:00:00-04:00
65.6,65.6,63.71,64.39,2934593,2018-05-31 01:00:00-04:00
64.5,64.6,63.585,63.83,2395948,2018-06-01 01:00:00-04:00
64.12,64.93,64.02,64.62,2131939,2018-06-04 01:00:00-04:00
64.7,64.88,62.98,63.27,3241782,2018-06-05 01:00:00-04:00
63.27,63.27,62.18,62.91,6795784,2018-06-06 01:00:00-04:00
61.65,63.2,61.29,62.26,5245572,2018-06-07 01:00:00-04:00
62.57,63.9,62.57,63.71,2720278,2018-06-08 01:00:00-04:00
63.88,65.765,63.88,65.45,2605280,2018-06-11 01:00:00-04:00
66.31,66.31,65.03,65.71,2045210,2018-06-12 01:00:00-04:00
65.91,66.29,65.26,65.77,1666880,2018-06-13 01:00:00-04:00
65.92,66.78,65.51,66.6,2390644,2018-06-14 01:00:00-04:00
66.68,67.14,66.14,67.06,3788653,2018-06-15 01:00:00-04:00
66.85,67.31,65.87,66.26,1848677,2018-06-18 01:00:00-04:00
65.81,67.04,65.8,66.59,1453962,2018-06-19 01:00:00-04:00
66.68,66.81,65.5,66.69,1433666,2018-06-20 01:00:00-04:00
66.8,67.1894,66.37,66.84,1679392,2018-06-21 01:00:00-04:00
67.15,67.71,66.78,67.4,2914361,2018-06-22 01:00:00-04:00
67.82,69.24,67.81,69.05,4278527,2018-06-25 01:00:00-04:00
68.8,68.98,68.42,68.7,3560351,2018-06-26 01:00:00-04:00
68.55,70.28,67.791,69.18,6122901,2018-06-27 01:00:00-04:00
69.15,70.17,68.64,69.67,3052944,2018-06-28 01:00:00-04:00
69.74,70.3,68.735,69.87,2226237,2018-06-29 01:00:00-04:00
69.59,70.06,69.15,69.61,2061651,2018-07-02 01:00:00-04:00
69.69,69.75,69.17,69.34,1202459,2018-07-03 01:00:00-04:00
69.73,71.55,69.54,71.54,3337163,2018-07-05 01:00:00-04:00
71.59,72.24,71.06,71.83,2041572,2018-07-06 01:00:00-04:00
71.83,71.95,70.22,70.47,2509360,2018-07-09 01:00:00-04:00
70.67,70.9,70.06,70.64,2314798,2018-07-10 01:00:00-04:00
70.73,70.75,70.1,70.33,1328305,2018-07-11 01:00:00-04:00
70.66,70.93,70.27,70.68,1504934,2018-07-12 01:00:00-04:00
70.47,71.31,70.22,71.17,1985485,2018-07-13 01:00:00-04:00
71.1,71.1,70.44,70.59,1157881,2018-07-16 01:00:00-04:00
70.42,71.0,70.33,70.65,1335884,2018-07-17 01:00:00-04:00
70.71,70.8,68.7,68.96,2391285,2018-07-18 01:00:00-04:00
68.91,69.955,68.88,69.6,1669562,2018-07-19 01:00:00-04:00
70.08,70.37,69.4,70.2,1330466,2018-07-20 01:00:00-04:00
70.05,70.35,69.44,69.86,1508089,2018-07-23 01:00:00-04:00
69.64,70.215,69.21,70.18,1413253,2018-07-24 01:00:00-04:00
70.2,70.9,70.18,70.85,2754683,2018-07-25 01:00:00-04:00
71.35,72.26,70.77,70.88,2514344,2018-07-26 01:00:00-04:00
71.13,71.64,70.78,71.4,1533578,2018-07-27 01:00:00-04:00
70.75,71.69,70.601,71.33,1738184,2018-07-30 01:00:00-04:00
71.5,71.78,70.59,71.03,2371455,2018-07-31 01:00:00-04:00
71.13,71.15,69.16,69.43,3177374,2018-08-01 01:00:00-04:00
68.7,70.04,66.79,69.88,3908595,2018-08-02 01:00:00-04:00
70.2,73.24,70.02,72.15,3626816,2018-08-03 01:00:00-04:00
72.3,72.66,71.575,72.2,2064204,2018-08-06 01:00:00-04:00
72.05,72.08,71.37,71.9,1711429,2018-08-07 01:00:00-04:00
72.15,72.24,71.0,71.01,1382946,2018-08-08 01:00:00-04:00
71.46,71.46,70.9,71.3,1421604,2018-08-09 01:00:00-04:00
71.08,71.81,70.83,71.38,1125574,2018-08-10 01:00:00-04:00
71.48,71.54,70.59,71.01,1535675,2018-08-13 01:00:00-04:00
71.14,72.15,71.14,71.51,1575313,2018-08-14 01:00:00-04:00
71.41,72.18,71.24,72.1,1425430,2018-08-15 01:00:00-04:00
72.1,73.31,71.99,72.7,2069675,2018-08-16 01:00:00-04:00
72.68,73.88,72.68,73.63,1992922,2018-08-17 01:00:00-04:00
73.78,74.32,73.59,73.72,1577930,2018-08-20 01:00:00-04:00
73.88,74.02,71.99,72.22,1909176,2018-08-21 01:00:00-04:00
72.29,72.67,71.53,72.14,1245893,2018-08-22 01:00:00-04:00
71.71,72.12,71.34,72.11,1115008,2018-08-23 01:00:00-04:00
72.12,72.95,72.08,72.45,947442,2018-08-24 01:00:00-04:00
72.65,72.89,71.81,72.02,1219646,2018-08-27 01:00:00-04:00
71.66,72.03,70.99,71.47,1143664,2018-08-28 01:00:00-04:00
71.87,71.92,71.445,71.81,1333845,2018-08-29 01:00:00-04:00
71.52,72.16,71.48,71.75,1144216,2018-08-30 01:00:00-04:00
71.28,72.09,71.255,71.79,1401126,2018-08-31 01:00:00-04:00
71.81,72.3,71.62,71.91,1057012,2018-09-04 01:00:00-04:00
71.57,72.76,71.32,72.7,1539442,2018-09-05 01:00:00-04:00
72.47,73.715,72.46,73.65,1485751,2018-09-06 01:00:00-04:00
73.34,74.44,73.15,74.09,1925680,2018-09-07 01:00:00-04:00
74.14,74.58,73.78,74.02,1827949,2018-09-10 01:00:00-04:00
73.89,73.99,73.16,73.46,995878,2018-09-11 01:00:00-04:00
73.79,74.51,73.55,74.45,1132855,2018-09-12 01:00:00-04:00
74.56,74.84,73.92,74.8,1563888,2018-09-13 01:00:00-04:00
74.62,74.905,74.12,74.84,865788,2018-09-14 01:00:00-04:00
74.69,74.98,74.32,74.7,1158179,2018-09-17 01:00:00-04:00
73.74,73.95,72.45,73.36,2451448,2018-09-18 01:00:00-04:00
73.46,73.85,72.21,72.4,1468903,2018-09-19 01:00:00-04:00
72.62,72.93,72.11,72.8,1775891,2018-09-20 01:00:00-04:00
72.94,73.43,72.52,73.17,2818624,2018-09-21 01:00:00-04:00
72.59,73.43,72.235,72.34,1197204,2018-09-24 01:00:00-04:00
72.46,72.59,71.82,72.1,999404,2018-09-25 01:00:00-04:00
72.25,72.84,71.87,71.91,1306026,2018-09-26 01:00:00-04:00
71.27,71.54,69.5,70.01,2174841,2018-09-27 01:00:00-04:00
70.15,70.76,69.91,70.02,2091833,2018-09-28 01:00:00-04:00
70.07,70.37,69.685,69.89,1484604,2018-10-01 01:00:00-04:00
70.12,71.19,70.02,70.42,1461011,2018-10-02 01:00:00-04:00
70.83,71.17,68.495,68.67,2774815,2018-10-03 01:00:00-04:00
67.95,69.29,66.74,69.14,2204692,2018-10-04 01:00:00-04:00
69.0,69.7,69.0,69.38,1278586,2018-10-05 01:00:00-04:00
69.56,70.55,69.56,70.26,1853061,2018-10-08 01:00:00-04:00
70.18,70.33,68.84,68.99,1489011,2018-10-09 01:00:00-04:00
69.2,70.4,68.72,68.73,2524044,2018-10-10 01:00:00-04:00
68.91,69.35,67.52,67.62,3101713,2018-10-11 01:00:00-04:00
67.92,68.23,67.49,67.95,1648569,2018-10-12 01:00:00-04:00
68.01,69.25,68.005,68.67,1697867,2018-10-15 01:00:00-04:00
68.99,70.27,68.68,69.85,1703923,2018-10-16 01:00:00-04:00
69.58,70.21,69.07,69.65,1369399,2018-10-17 01:00:00-04:00
69.82,70.52,69.22,69.56,1759438,2018-10-18 01:00:00-04:00
70.0,71.36,70.0,71.17,2648686,2018-10-19 01:00:00-04:00
71.53,71.95,70.38,70.59,1729594,2018-10-22 01:00:00-04:00
70.31,71.52,69.7,71.18,2507392,2018-10-23 01:00:00-04:00
71.35,72.98,71.33,71.45,3225463,2018-10-24 01:00:00-04:00
71.28,71.35,70.27,70.55,2315224,2018-10-25 01:00:00-04:00
70.36,70.76,68.73,69.16,1688073,2018-10-26 01:00:00-04:00
69.44,71.15,69.44,70.29,1553036,2018-10-29 01:00:00-04:00
70.88,72.02,70.44,71.86,2010218,2018-10-30 01:00:00-04:00
65.67,67.46,64.95,65.48,7930734,2018-10-31 01:00:00-04:00
65.11,65.11,63.52,64.0,6415807,2018-11-01 01:00:00-04:00
63.77,64.229,62.55,63.0,4802818,2018-11-02 01:00:00-04:00
63.35,64.13,62.92,63.15,3723650,2018-11-05 01:00:00-05:00
63.29,64.42,62.82,64.39,5683797,2018-11-06 01:00:00-05:00
64.75,64.9,63.23,64.27,2417226,2018-11-07 01:00:00-05:00
64.02,65.23,64.0,65.18,3821902,2018-11-08 01:00:00-05:00
65.09,65.66,64.46,65.01,2305598,2018-11-09 01:00:00-05:00
64.94,65.49,64.115,64.3,2247942,2018-11-12 01:00:00-05:00
64.39,64.62,62.6,63.42,3491574,2018-11-13 01:00:00-05:00
62.32,62.97,61.8,62.46,4010376,2018-11-14 01:00:00-05:00
62.09,62.54,61.35,62.52,2572005,2018-11-15 01:00:00-05:00
62.51,62.75,61.51,61.73,3386024,2018-11-16 01:00:00-05:00
61.7,62.2792,60.88,61.69,4337862,2018-11-19 01:00:00-05:00
62.3,62.89,61.55,61.71,4210233,2018-11-20 01:00:00-05:00
61.71,63.25,61.58,61.89,3976895,2018-11-21 01:00:00-05:00
61.65,61.88,61.16,61.74,959374,2018-11-23 01:00:00-05:00
61.68,61.96,61.2,61.5,3338942,2018-11-26 01:00:00-05:00
61.54,62.48,61.1,62.25,3075160,2018-11-27 01:00:00-05:00
61.64,62.66,61.36,62.6,2357770,2018-11-28 01:00:00-05:00
62.57,63.65,62.53,63.25,2687454,2018-11-29 01:00:00-05:00
62.71,63.69,62.68,63.65,3138270,2018-11-30 01:00:00-05:00
63.61,63.61,62.65,63.12,2937824,2018-12-03 01:00:00-05:00
63.44,63.92,61.54,61.74,2761241,2018-12-04 01:00:00-05:00
61.75,62.0,60.48,61.27,3679272,2018-12-06 01:00:00-05:00
61.25,61.25,60.2,60.84,2710610,2018-12-07 01:00:00-05:00
60.95,61.17,59.5101,60.3,3343252,2018-12-10 01:00:00-05:00
60.53,61.56,60.49,60.87,1843697,2018-12-11 01:00:00-05:00
61.25,61.42,60.71,61.0,2721447,2018-12-12 01:00:00-05:00
61.17,61.3599,60.66,61.05,1839649,2018-12-13 01:00:00-05:00
60.82,61.19,60.05,60.36,2755938,2018-12-14 01:00:00-05:00
60.2,60.55,58.75,59.23,2377847,2018-12-17 01:00:00-05:00
59.16,59.77,58.48,58.85,2700783,2018-12-18 01:00:00-05:00
59.66,60.48,58.48,58.69,3414989,2018-12-19 01:00:00-05:00
58.48,58.62,56.49,57.32,3289531,2018-12-20 01:00:00-05:00
57.77,58.95,57.19,57.64,5327070,2018-12-21 01:00:00-05:00
57.48,57.49,55.64,55.82,1104658,2018-12-24 01:00:00-05:00
56.05,57.18,55.11,57.15,2113792,2018-12-26 01:00:00-05:00
56.98,57.14,55.56,57.14,2483149,2018-12-27 01:00:00-05:00
57.32,58.03,56.88,57.25,1685628,2018-12-28 01:00:00-05:00
57.19,57.4502,56.553,57.01,2093027,2018-12-31 01:00:00-05:00
56.78,57.1,56.11,56.64,2245925,2019-01-02 01:00:00-05:00
56.55,57.1,56.28,56.74,1689335,2019-01-03 01:00:00-05:00
56.82,57.61,56.67,57.3,1896959,2019-01-04 01:00:00-05:00
57.08,57.76,56.76,57.57,1930111,2019-01-07 01:00:00-05:00
57.55,58.0,57.23,57.89,2168125,2019-01-08 01:00:00-05:00
57.82,58.53,57.7,57.95,2497606,2019-01-09 01:00:00-05:00
58.0,58.46,57.665,58.29,2080705,2019-01-10 01:00:00-05:00
58.5,58.65,57.925,58.58,1432683,2019-01-11 01:00:00-05:00
58.38,58.75,58.05,58.54,2450902,2019-01-14 01:00:00-05:00
58.63,59.415,58.62,59.31,1437948,2019-01-15 01:00:00-05:00
59.16,59.3999,58.89,59.12,1936399,2019-01-16 01:00:00-05:00
58.94,59.52,58.63,59.28,1365424,2019-01-17 01:00:00-05:00
59.54,59.95,59.25,59.43,2403683,2019-01-18 01:00:00-05:00
59.36,59.6,58.14,58.7,2260812,2019-01-22 01:00:00-05:00
58.71,59.25,58.6,59.13,3072114,2019-01-23 01:00:00-05:00
58.26,58.27,57.44,57.66,2733040,2019-01-24 01:00:00-05:00
57.8,58.275,57.66,57.78,1728475,2019-01-25 01:00:00-05:00
57.75,58.14,57.28,58.12,1679394,2019-01-28 01:00:00-05:00
57.98,58.36,57.86,58.23,1758727,2019-01-29 01:00:00-05:00
58.12,58.69,57.76,57.83,3763421,2019-01-30 01:00:00-05:00
57.85,59.06,57.83,59.01,3060468,2019-01-31 01:00:00-05:00
59.21,59.41,58.1,58.7,2316373,2019-02-01 01:00:00-05:00
58.82,59.11,58.43,58.92,2226652,2019-02-04 01:00:00-05:00
58.82,59.31,58.75,59.14,2339071,2019-02-05 01:00:00-05:00
59.14,59.49,58.69,59.16,2682222,2019-02-06 01:00:00-05:00
56.56,57.87,55.52,55.84,8770923,2019-02-07 01:00:00-05:00
55.32,55.9,54.82,55.36,5316907,2019-02-08 01:00:00-05:00
55.7,55.95,54.14,55.67,5795579,2019-02-11 01:00:00-05:00
55.6,56.7001,55.6,56.53,3692801,2019-02-12 01:00:00-05:00
56.7,57.01,56.23,56.96,3230787,2019-02-13 01:00:00-05:00
56.73,57.46,56.45,56.58,3394241,2019-02-14 01:00:00-05:00
57.03,57.07,55.72,56.79,7318206,2019-02-15 01:00:00-05:00
56.75,58.12,56.71,57.42,4286054,2019-02-19 01:00:00-05:00
57.38,58.81,57.2,58.45,3076700,2019-02-20 01:00:00-05:00
58.44,58.52,57.7,58.33,2214993,2019-02-21 01:00:00-05:00
56.61,56.96,55.75,56.73,5550768,2019-02-22 01:00:00-05:00
56.96,56.96,55.42,55.66,4175691,2019-02-25 01:00:00-05:00
56.14,56.38,55.48,55.92,2834901,2019-02-26 01:00:00-05:00
56.0,56.1827,55.45,55.76,3009989,2019-02-27 01:00:00-05:00
55.87,56.37,55.57,56.26,2909797,2019-02-28 01:00:00-05:00
56.41,56.86,56.275,56.84,2424581,2019-03-01 01:00:00-05:00
56.39,56.5,54.19,54.61,3490535,2019-03-04 01:00:00-05:00
54.58,54.97,54.4,54.77,1749836,2019-03-05 01:00:00-05:00
54.8,54.95,54.075,54.47,1974215,2019-03-06 01:00:00-05:00
54.43,54.79,54.22,54.3,2032477,2019-03-07 01:00:00-05:00
54.53,54.88,54.34,54.56,2224883,2019-03-08 01:00:00-05:00
54.32,54.32,53.66,54.15,4191058,2019-03-11 01:00:00-04:00
54.37,54.688,54.15,54.16,2419547,2019-03-12 01:00:00-04:00
54.16,54.2,53.14,53.61,2990977,2019-03-13 01:00:00-04:00
53.8,54.1701,53.4091,53.81,2458369,2019-03-14 01:00:00-04:00
53.96,54.3,53.71,54.27,3496398,2019-03-15 01:00:00-04:00
54.27,54.51,54.06,54.27,1567968,2019-03-18 01:00:00-04:00
54.17,54.77,54.1,54.41,2475402,2019-03-19 01:00:00-04:00
54.56,54.85,54.05,54.11,2832527,2019-03-20 01:00:00-04:00
54.26,56.75,54.1,56.48,4174506,2019-03-21 01:00:00-04:00
56.34,57.25,56.3,56.74,3192137,2019-03-22 01:00:00-04:00
56.79,56.9231,56.32,56.67,2025962,2019-03-25 01:00:00-04:00
56.71,57.61,56.71,57.57,2135944,2019-03-26 01:00:00-04:00
57.47,57.81,56.69,56.94,2436557,2019-03-27 01:00:00-04:00
57.16,57.56,56.805,56.97,1079439,2019-03-28 01:00:00-04:00
56.89,57.49,56.845,57.38,1573799,2019-03-29 01:00:00-04:00
57.5,57.65,55.5,56.02,3181976,2019-04-01 01:00:00-04:00
56.22,56.61,55.9115,56.35,4093084,2019-04-02 01:00:00-04:00
56.21,56.79,55.963,56.66,2496603,2019-04-03 01:00:00-04:00
56.71,56.88,56.2475,56.45,1479801,2019-04-04 01:00:00-04:00
56.32,56.82,56.1,56.8,1703964,2019-04-05 01:00:00-04:00
56.74,57.57,56.74,57.5,1909414,2019-04-08 01:00:00-04:00
57.37,57.59,56.75,57.16,2285226,2019-04-09 01:00:00-04:00
57.24,57.56,56.84,57.55,2873153,2019-04-10 01:00:00-04:00
57.77,57.9,56.89,57.35,1841575,2019-04-11 01:00:00-04:00
57.36,57.85,57.28,57.57,1710055,2019-04-12 01:00:00-04:00
57.69,58.39,57.46,58.35,1597253,2019-04-15 01:00:00-04:00
58.3,58.87,58.04,58.39,1941593,2019-04-16 01:00:00-04:00
58.54,58.54,57.655,58.09,1228734,2019-04-17 01:00:00-04:00
58.25,58.59,57.72,58.45,1208839,2019-04-18 01:00:00-04:00
58.5,58.81,58.21,58.36,2120514,2019-04-22 01:00:00-04:00
58.27,58.62,58.0,58.43,2102940,2019-04-23 01:00:00-04:00
58.4,58.76,58.12,58.57,1762904,2019-04-24 01:00:00-04:00
58.32,58.47,57.895,57.94,1654604,2019-04-25 01:00:00-04:00
58.19,59.5735,58.09,59.4,2120595,2019-04-26 01:00:00-04:00
59.46,59.855,59.25,59.64,2057718,2019-04-29 01:00:00-04:00
59.72,60.46,59.64,60.3,2798188,2019-04-30 01:00:00-04:00
60.27,60.44,59.25,59.39,2836209,2019-05-01 01:00:00-04:00
56.94,58.23,56.42,57.38,5931174,2019-05-02 01:00:00-04:00
57.41,57.41,56.4,56.47,3026249,2019-05-03 01:00:00-04:00
55.8,57.5,55.73,57.4,2764889,2019-05-06 01:00:00-04:00
57.34,57.55,56.55,57.15,2249481,2019-05-07 01:00:00-04:00
57.18,57.62,56.4,57.25,1986840,2019-05-08 01:00:00-04:00
56.88,57.92,56.665,57.79,2009321,2019-05-09 01:00:00-04:00
57.67,58.77,57.17,58.64,2394871,2019-05-10 01:00:00-04:00
58.16,58.2,56.95,57.78,2888036,2019-05-13 01:00:00-04:00
57.67,57.83,57.05,57.17,2340951,2019-05-14 01:00:00-04:00
57.1,57.89,56.84,57.37,1508432,2019-05-15 01:00:00-04:00
57.49,57.98,57.18,57.4,1350555,2019-05-16 01:00:00-04:00
57.06,57.69,56.85,57.02,1596201,2019-05-17 01:00:00-04:00
56.64,56.97,56.26,56.44,1648340,2019-05-20 01:00:00-04:00
56.78,57.17,56.51,56.54,1098528,2019-05-21 01:00:00-04:00
56.59,56.87,56.31,56.83,823842,2019-05-22 01:00:00-04:00
56.62,57.16,56.32,57.09,1370942,2019-05-23 01:00:00-04:00
57.15,57.24,56.53,56.56,949397,2019-05-24 01:00:00-04:00
56.65,56.74,54.56,54.56,3263830,2019-05-28 01:00:00-04:00
54.1,54.16,52.205,52.8,4020786,2019-05-29 01:00:00-04:00
52.91,53.275,51.845,52.09,2874122,2019-05-30 01:00:00-04:00
51.45,52.72,51.34,52.56,2815497,2019-05-31 01:00:00-04:00
52.56,53.91,52.44,53.8,2635061,2019-06-03 01:00:00-04:00
54.01,54.81,54.01,54.6,1749614,2019-06-04 01:00:00-04:00
55.29,55.345,54.45,55.01,1952064,2019-06-05 01:00:00-04:00
55.09,56.0,54.73,55.77,1849558,2019-06-06 01:00:00-04:00
56.06,56.5,55.9,55.99,1639224,2019-06-07 01:00:00-04:00
56.17,56.2,54.4799,54.77,1697557,2019-06-10 01:00:00-04:00
54.76,55.73,54.76,55.66,1417212,2019-06-11 01:00:00-04:00
55.97,56.525,55.97,56.22,2087831,2019-06-12 01:00:00-04:00
56.32,56.79,56.15,56.61,1772756,2019-06-13 01:00:00-04:00
56.59,56.89,56.42,56.63,1290958,2019-06-14 01:00:00-04:00
56.95,57.05,56.21,56.55,1464365,2019-06-17 01:00:00-04:00
56.74,57.19,55.38,55.5,1895938,2019-06-18 01:00:00-04:00
55.41,55.44,54.645,55.06,2721693,2019-06-19 01:00:00-04:00
55.06,55.25,54.62,55.19,1591363,2019-06-20 01:00:00-04:00
55.28,56.56,55.11,55.59,4271535,2019-06-21 01:00:00-04:00
55.66,55.87,55.45,55.79,1727842,2019-06-24 01:00:00-04:00
55.2,55.27,54.24,54.53,2651126,2019-06-25 01:00:00-04:00
53.66,54.07,52.78,53.45,3276054,2019-06-26 01:00:00-04:00
53.0,53.47,52.7,53.19,2576028,2019-06-27 01:00:00-04:00
53.25,53.85,53.11,53.57,2948664,2019-06-28 01:00:00-04:00
53.91,54.44,53.24,53.38,2593482,2019-07-01 01:00:00-04:00
53.48,53.81,53.17,53.31,2361205,2019-07-02 01:00:00-04:00
53.4,57.21,53.37,56.67,5657846,2019-07-03 01:00:00-04:00
57.37,57.4,54.8597,55.77,4151861,2019-07-05 01:00:00-04:00
55.55,56.11,55.36,55.43,1853405,2019-07-08 01:00:00-04:00
55.39,55.45,54.35,54.85,2992824,2019-07-09 01:00:00-04:00
55.15,55.34,54.63,54.78,2581828,2019-07-10 01:00:00-04:00
55.12,55.33,54.35,54.6,1662798,2019-07-11 01:00:00-04:00
54.82,55.13,54.4,54.55,1401217,2019-07-12 01:00:00-04:00
54.65,55.39,54.61,55.0,1938988,2019-07-15 01:00:00-04:00
55.11,55.34,54.91,55.22,1737925,2019-07-16 01:00:00-04:00
55.27,56.1,54.9,56.0,2393482,2019-07-17 01:00:00-04:00
56.16,57.6,55.76,56.98,3412925,2019-07-18 01:00:00-04:00
57.01,57.14,56.56,56.58,2002087,2019-07-19 01:00:00-04:00
56.69,56.86,55.95,56.54,2194184,2019-07-22 01:00:00-04:00
56.8,58.49,56.74,58.21,3636176,2019-07-23 01:00:00-04:00
58.26,58.55,57.78,58.26,2978658,2019-07-24 01:00:00-04:00
58.11,58.95,57.8,58.37,2958776,2019-07-25 01:00:00-04:00
58.51,59.48,58.2,58.73,2786549,2019-07-26 01:00:00-04:00
58.76,59.11,58.08,58.42,1864043,2019-07-29 01:00:00-04:00
58.57,58.64,57.71,58.56,2400730,2019-07-30 01:00:00-04:00
58.25,58.6557,57.33,58.22,4910490,2019-07-31 01:00:00-04:00
60.93,65.59,60.81,63.63,10937857,2019-08-01 01:00:00-04:00
63.08,63.98,62.95,63.4,3324533,2019-08-02 01:00:00-04:00
62.63,63.14,61.52,61.75,3119152,2019-08-05 01:00:00-04:00
62.0,62.09,60.915,61.66,3304910,2019-08-06 01:00:00-04:00
61.45,61.86,60.19,61.5,3090765,2019-08-07 01:00:00-04:00
61.01,62.59,60.87,62.49,2941820,2019-08-08 01:00:00-04:00
62.56,63.19,62.16,62.18,1685769,2019-08-09 01:00:00-04:00
62.03,62.36,61.22,61.62,1990966,2019-08-12 01:00:00-04:00
61.76,62.97,61.63,62.7,2287603,2019-08-13 01:00:00-04:00
62.48,62.54,61.51,61.55,1625426,2019-08-14 01:00:00-04:00
62.0,63.79,61.39,63.52,3670271,2019-08-15 01:00:00-04:00
63.89,64.41,63.41,63.78,2478826,2019-08-16 01:00:00-04:00
63.83,64.52,63.52,64.43,1788805,2019-08-19 01:00:00-04:00
64.26,64.26,62.79,63.23,2330167,2019-08-20 01:00:00-04:00
63.54,63.83,62.835,63.35,1362341,2019-08-21 01:00:00-04:00
63.42,64.07,63.105,63.87,1545733,2019-08-22 01:00:00-04:00
63.89,64.02,62.65,63.25,3176112,2019-08-23 01:00:00-04:00
63.44,63.94,63.13,63.65,2422151,2019-08-26 01:00:00-04:00
63.46,63.55,61.92,62.1,2739407,2019-08-27 01:00:00-04:00
62.25,62.77,62.0,62.51,2346079,2019-08-28 01:00:00-04:00
63.0,63.18,62.35,62.96,2976430,2019-08-29 01:00:00-04:00
62.95,63.66,62.78,62.8,2329544,2019-08-30 01:00:00-04:00
63.0,63.71,62.5,63.7,2002231,2019-09-03 01:00:00-04:00
63.68,63.895,62.8,63.34,2164135,2019-09-04 01:00:00-04:00
63.71,63.7615,62.75,62.84,1650425,2019-09-05 01:00:00-04:00
64.32,64.53,63.84,64.22,2644983,2019-09-06 01:00:00-04:00
64.25,64.45,63.6101,64.17,1559301,2019-09-09 01:00:00-04:00
63.85,64.17,62.5,62.93,3736719,2019-09-10 01:00:00-04:00
62.93,63.89,62.6281,63.79,2149898,2019-09-11 01:00:00-04:00
64.46,64.46,63.47,63.7,1161950,2019-09-12 01:00:00-04:00
63.25,63.97,63.1,63.35,1668481,2019-09-13 01:00:00-04:00
63.4,64.05,63.05,63.78,1574056,2019-09-16 01:00:00-04:00
63.82,64.6,63.7,64.15,1718886,2019-09-17 01:00:00-04:00
64.44,64.56,62.96,63.61,2057622,2019-09-18 01:00:00-04:00
63.78,63.97,63.46,63.74,1021527,2019-09-19 01:00:00-04:00
63.92,64.27,63.67,63.73,2894826,2019-09-20 01:00:00-04:00
63.84,64.0674,62.89,63.28,1322577,2019-09-23 01:00:00-04:00
63.53,64.03,63.38,63.9,1895021,2019-09-24 01:00:00-04:00
64.02,64.49,63.81,64.06,1414926,2019-09-25 01:00:00-04:00
64.74,64.99,63.82,64.21,1653340,2019-09-26 01:00:00-04:00
64.37,64.47,63.91,64.1,1713269,2019-09-27 01:00:00-04:00
64.24,64.62,63.91,64.35,2082889,2019-09-30 01:00:00-04:00
64.4,64.7,62.92,63.1,1621782,2019-10-01 01:00:00-04:00
62.97,63.39,61.58,61.99,1609215,2019-10-02 01:00:00-04:00
62.26,62.66,61.62,62.41,1762737,2019-10-03 01:00:00-04:00
62.51,62.86,62.23,62.83,1014515,2019-10-04 01:00:00-04:00
62.65,63.21,62.27,62.68,1319354,2019-10-07 01:00:00-04:00
62.65,62.7,61.82,61.84,1703852,2019-10-08 01:00:00-04:00
62.0,62.23,61.76,62.12,943289,2019-10-09 01:00:00-04:00
61.71,62.5,61.71,62.37,1030977,2019-10-10 01:00:00-04:00
62.25,62.61,61.8,62.13,1236241,2019-10-11 01:00:00-04:00
62.33,62.5,61.59,62.39,1657933,2019-10-14 01:00:00-04:00
62.4,62.6367,61.23,61.93,1642632,2019-10-15 01:00:00-04:00
62.02,62.42,61.14,61.33,2004347,2019-10-16 01:00:00-04:00
61.28,62.44,61.047,62.21,1485421,2019-10-17 01:00:00-04:00
62.24,62.83,61.81,61.94,1842195,2019-10-18 01:00:00-04:00
62.23,62.88,61.95,62.5,1353566,2019-10-21 01:00:00-04:00
62.51,62.78,62.02,62.08,1254658,2019-10-22 01:00:00-04:00
62.11,62.32,61.88,62.21,961008,2019-10-23 01:00:00-04:00
61.96,61.9615,61.06,61.66,1033457,2019-10-24 01:00:00-04:00
61.76,61.92,60.65,60.89,1493707,2019-10-25 01:00:00-04:00
61.09,61.26,60.65,61.06,2651370,2019-10-28 01:00:00-04:00
63.0,64.36,61.55,62.87,4786197,2019-10-29 01:00:00-04:00
63.32,63.98,62.87,63.88,2585288,2019-10-30 01:00:00-04:00
63.88,64.07,62.97,63.53,1820741,2019-10-31 01:00:00-04:00
63.47,64.02,63.29,63.68,1863287,2019-11-01 01:00:00-04:00
63.71,63.87,63.06,63.56,1523899,2019-11-04 01:00:00-05:00
63.74,63.99,63.36,63.52,1501410,2019-11-05 01:00:00-05:00
64.05,65.115,63.97,64.41,3031791,2019-11-06 01:00:00-05:00
64.31,64.41,63.2001,63.73,1512470,2019-11-07 01:00:00-05:00
64.03,64.4,63.64,63.99,1352045,2019-11-08 01:00:00-05:00
63.83,63.875,63.04,63.47,1026964,2019-11-11 01:00:00-05:00
63.5,64.16,63.27,63.97,1550098,2019-11-12 01:00:00-05:00
64.09,64.63,63.8,64.41,2046019,2019-11-13 01:00:00-05:00
64.54,64.67,63.78,64.05,1600251,2019-11-14 01:00:00-05:00
63.97,64.88,63.77,64.66,1772989,2019-11-15 01:00:00-05:00
64.96,65.5,64.44,65.43,1637260,2019-11-18 01:00:00-05:00
65.36,65.46,65.12,65.32,1070477,2019-11-19 01:00:00-05:00
65.32,65.42,64.84,65.38,1511327,2019-11-20 01:00:00-05:00
65.2,65.45,64.71,64.72,1609023,2019-11-21 01:00:00-05:00
64.97,65.2609,64.32,64.51,974229,2019-11-22 01:00:00-05:00
64.64,64.77,64.12,64.34,1262353,2019-11-25 01:00:00-05:00
64.43,65.53,64.13,65.49,1782171,2019-11-26 01:00:00-05:00
65.61,65.94,65.32,65.61,1553330,2019-11-27 01:00:00-05:00
65.03,65.49,64.68,65.12,1043622,2019-11-29 01:00:00-05:00
64.92,65.45,64.57,65.42,1383203,2019-12-02 01:00:00-05:00
65.41,65.66,65.09,65.65,1544234,2019-12-03 01:00:00-05:00
65.0,66.3,65.0,65.73,1821351,2019-12-04 01:00:00-05:00
65.68,65.78,65.28,65.75,1128959,2019-12-05 01:00:00-05:00
65.91,66.46,65.83,66.22,995230,2019-12-06 01:00:00-05:00
66.14,66.85,66.05,66.54,1295461,2019-12-09 01:00:00-05:00
66.69,66.87,66.255,66.64,1184380,2019-12-10 01:00:00-05:00
66.6,66.67,66.03,66.15,1457934,2019-12-11 01:00:00-05:00
66.6,66.79,66.05,66.19,1001424,2019-12-12 01:00:00-05:00
66.06,66.56,66.02,66.25,895030,2019-12-13 01:00:00-05:00
66.47,66.59,65.92,66.28,2043195,2019-12-16 01:00:00-05:00
66.03,66.41,65.79,66.1,1414291,2019-12-17 01:00:00-05:00
66.42,66.54,66.17,66.48,1300556,2019-12-18 01:00:00-05:00
66.94,67.1309,66.55,66.78,1336434,2019-12-19 01:00:00-05:00
67.9,68.77,67.59,68.64,5272807,2019-12-20 01:00:00-05:00
68.83,68.949,68.14,68.78,1773489,2019-12-23 01:00:00-05:00
68.82,69.12,68.56,68.93,902475,2019-12-24 01:00:00-05:00
68.96,69.07,68.5,68.66,1093383,2019-12-26 01:00:00-05:00
68.66,69.32,68.66,69.16,769597,2019-12-27 01:00:00-05:00
68.91,69.11,68.55,68.78,737946,2019-12-30 01:00:00-05:00
68.77,69.23,68.57,69.16,1053311,2019-12-31 01:00:00-05:00
69.13,69.25,67.375,67.64,2699501,2020-01-02 01:00:00-05:00
67.52,68.365,67.3975,68.0,1240599,2020-01-03 01:00:00-05:00
68.0,68.13,67.55,67.94,1323644,2020-01-06 01:00:00-05:00
69.32,70.0,68.635,68.81,2412195,2020-01-07 01:00:00-05:00
68.78,69.21,68.51,68.89,1270345,2020-01-08 01:00:00-05:00
69.32,69.34,68.53,69.14,1437960,2020-01-09 01:00:00-05:00
69.28,69.525,69.18,69.27,1418486,2020-01-10 01:00:00-05:00
69.41,70.0,69.28,69.71,1778154,2020-01-13 01:00:00-05:00
69.71,70.0,69.56,70.0,1426374,2020-01-14 01:00:00-05:00
70.0,70.63,69.88,70.27,1398353,2020-01-15 01:00:00-05:00
70.5,70.865,70.27,70.74,1337412,2020-01-16 01:00:00-05:00
70.81,71.05,70.4801,70.88,1846595,2020-01-17 01:00:00-05:00
70.71,71.01,70.31,70.6,2175616,2020-01-21 01:00:00-05:00
70.4,70.82,70.03,70.26,1727386,2020-01-22 01:00:00-05:00
69.82,70.795,69.69,70.44,1535078,2020-01-23 01:00:00-05:00
70.73,70.73,69.11,69.34,1506538,2020-01-24 01:00:00-05:00
68.89,69.59,68.72,69.03,1617985,2020-01-27 01:00:00-05:00
68.99,69.41,68.885,68.98,1127023,2020-01-28 01:00:00-05:00
68.95,69.0263,68.3901,68.43,1677526,2020-01-29 01:00:00-05:00
68.33,68.96,68.04,68.88,1412902,2020-01-30 01:00:00-05:00
68.85,69.21,68.01,68.21,2746403,2020-01-31 01:00:00-05:00
68.58,69.23,68.35,68.84,1872851,2020-02-03 01:00:00-05:00
69.17,69.66,68.63,68.68,1978142,2020-02-04 01:00:00-05:00
68.82,69.61,68.82,69.36,2393747,2020-02-05 01:00:00-05:00
64.22,66.38,63.15,63.46,7661126,2020-02-06 01:00:00-05:00
63.26,64.29,62.38,64.17,4297474,2020-02-07 01:00:00-05:00
63.95,65.43,63.55,65.34,2973621,2020-02-10 01:00:00-05:00
65.58,66.57,65.48,66.27,2601490,2020-02-11 01:00:00-05:00
67.5,67.82,66.075,66.18,2220335,2020-02-12 01:00:00-05:00
66.22,67.22,66.05,67.14,2275021,2020-02-13 01:00:00-05:00
67.08,67.95,66.91,67.71,1567480,2020-02-14 01:00:00-05:00
67.23,67.37,66.53,67.15,1570347,2020-02-18 01:00:00-05:00
67.16,67.49,66.25,66.3,1581260,2020-02-19 01:00:00-05:00
65.78,66.09,65.1,65.67,2107372,2020-02-20 01:00:00-05:00
65.4,65.58,64.95,65.52,1824930,2020-02-21 01:00:00-05:00
64.68,65.05,63.93,64.5,2539602,2020-02-24 01:00:00-05:00
64.66,64.89,62.88,63.39,2541037,2020-02-25 01:00:00-05:00
63.64,64.24,62.57,62.77,1863205,2020-02-26 01:00:00-05:00
62.16,62.355,60.92,61.02,2670126,2020-02-27 01:00:00-05:00
60.0,60.73,57.71,60.47,4526480,2020-02-28 01:00:00-05:00
60.21,63.14,60.12,63.14,2584217,2020-03-02 01:00:00-05:00
63.15,64.42,62.05,62.65,2002245,2020-03-03 01:00:00-05:00
63.35,64.61,63.0,64.55,2405604,2020-03-04 01:00:00-05:00
63.73,64.58,63.28,63.66,1517429,2020-03-05 01:00:00-05:00
61.92,63.38,61.54,63.19,2288880,2020-03-06 01:00:00-05:00
60.21,63.17,60.0,62.41,2756816,2020-03-09 01:00:00-04:00
62.87,64.2,60.38,62.89,2817752,2020-03-10 01:00:00-04:00
61.46,62.14,60.19,61.69,2204740,2020-03-11 01:00:00-04:00
58.52,60.0,56.84,58.19,3827333,2020-03-12 01:00:00-04:00
60.07,63.78,59.505,63.66,3606914,2020-03-13 01:00:00-04:00
58.37,64.86,58.25,62.56,3748992,2020-03-16 01:00:00-04:00
63.39,69.37,62.21,69.22,5196887,2020-03-17 01:00:00-04:00
67.3,70.36,64.46,68.96,3960665,2020-03-18 01:00:00-04:00
68.46,68.75,61.07,61.43,4733242,2020-03-19 01:00:00-04:00
61.47,61.53,55.34,55.81,4767287,2020-03-20 01:00:00-04:00
55.2,56.79,52.6616,53.56,3243148,2020-03-23 01:00:00-04:00
54.76,56.95,54.02,56.27,2913618,2020-03-24 01:00:00-04:00
56.0,59.27,54.71,56.17,3320343,2020-03-25 01:00:00-04:00
56.25,59.62,55.6,58.76,3345726,2020-03-26 01:00:00-04:00
57.72,60.93,57.04,59.47,2546036,2020-03-27 01:00:00-04:00
60.38,61.5,59.7706,60.91,1914974,2020-03-30 01:00:00-04:00
61.1,61.83,59.71,59.99,2351238,2020-03-31 01:00:00-04:00
59.01,61.41,58.371,61.09,2476698,2020-04-01 01:00:00-04:00
60.28,61.98,59.64,61.32,2147159,2020-04-02 01:00:00-04:00
60.68,63.94,60.68,63.58,1598178,2020-04-03 01:00:00-04:00
64.56,64.56,61.87,63.51,3152008,2020-04-06 01:00:00-04:00
63.8,65.03,62.02,62.55,2515071,2020-04-07 01:00:00-04:00
62.6,62.83,61.0,61.46,2632593,2020-04-08 01:00:00-04:00
60.98,64.0,60.98,62.74,2618268,2020-04-09 01:00:00-04:00
62.44,63.0,61.2,62.8,1596576,2020-04-13 01:00:00-04:00
63.88,64.39,63.02,63.62,2498765,2020-04-14 01:00:00-04:00
63.62,63.62,62.5,62.95,1748172,2020-04-15 01:00:00-04:00
63.46,64.43,62.74,64.13,2561430,2020-04-16 01:00:00-04:00
64.38,65.05,63.46,65.02,2390459,2020-04-17 01:00:00-04:00
65.1,67.15,64.76,66.25,2395567,2020-04-20 01:00:00-04:00
65.86,66.24,64.525,65.52,2414557,2020-04-21 01:00:00-04:00
65.87,66.025,64.68,64.68,1404453,2020-04-22 01:00:00-04:00
64.13,64.93,64.09,64.5,1611269,2020-04-23 01:00:00-04:00
64.92,64.92,63.24,64.1,1884060,2020-04-24 01:00:00-04:00
64.78,65.52,64.02,65.1,2098705,2020-04-27 01:00:00-04:00
65.32,66.21,65.02,65.76,2148268,2020-04-28 01:00:00-04:00
65.12,66.23,64.855,64.9,2242537,2020-04-29 01:00:00-04:00
66.51,67.89,64.42,65.5,3893058,2020-04-30 01:00:00-04:00
65.2,65.85,64.59,64.86,1951415,2020-05-01 01:00:00-04:00
64.87,65.1,63.52,63.67,1525879,2020-05-04 01:00:00-04:00
63.59,64.19,63.14,63.24,1768974,2020-05-05 01:00:00-04:00
63.3,64.38,62.87,64.09,1792929,2020-05-06 01:00:00-04:00
64.45,64.67,62.51,62.69,1626421,2020-05-07 01:00:00-04:00
63.21,63.83,62.76,63.68,1362830,2020-05-08 01:00:00-04:00
63.7,64.39,63.13,63.26,1682865,2020-05-11 01:00:00-04:00
63.56,64.45,63.51,63.53,1358215,2020-05-12 01:00:00-04:00
63.57,64.975,63.57,64.17,1569875,2020-05-13 01:00:00-04:00
64.41,64.94,62.83,63.65,2104015,2020-05-14 01:00:00-04:00
63.63,64.96,63.5,64.07,3931413,2020-05-15 01:00:00-04:00
64.45,64.519,62.93,63.75,3166014,2020-05-18 01:00:00-04:00
63.71,63.85,62.32,62.43,2200940,2020-05-19 01:00:00-04:00
62.33,62.78,61.49,62.48,2039578,2020-05-20 01:00:00-04:00
62.39,62.48,60.72,61.37,2222657,2020-05-21 01:00:00-04:00
61.27,62.16,60.92,62.09,1337970,2020-05-22 01:00:00-04:00
62.3,62.79,61.93,62.12,1980170,2020-05-26 01:00:00-04:00
62.2,64.61,61.95,64.61,2396581,2020-05-27 01:00:00-04:00
65.06,65.84,64.79,65.42,3306401,2020-05-28 01:00:00-04:00
64.87,65.64,64.12,65.31,2947348,2020-05-29 01:00:00-04:00
65.53,66.35,64.97,66.11,1767906,2020-06-01 01:00:00-04:00
65.97,66.87,65.23,66.81,2516645,2020-06-02 01:00:00-04:00
67.17,67.22,65.38,65.43,2731960,2020-06-03 01:00:00-04:00
65.22,65.54,64.27,64.71,1519762,2020-06-04 01:00:00-04:00
64.87,66.23,64.43,65.62,2468141,2020-06-05 01:00:00-04:00
65.26,67.52,65.16,67.17,2734739,2020-06-08 01:00:00-04:00
67.0,67.115,66.01,66.2,1736091,2020-06-09 01:00:00-04:00
66.41,66.95,66.15,66.52,2026737,2020-06-10 01:00:00-04:00
65.53,65.98,63.76,63.77,2240216,2020-06-11 01:00:00-04:00
64.28,64.55,63.07,63.59,2667931,2020-06-12 01:00:00-04:00
63.27,65.54,62.72,65.49,3147766,2020-06-15 01:00:00-04:00
66.01,67.055,65.66,66.68,2662622,2020-06-16 01:00:00-04:00
66.85,67.65,66.79,67.08,3835397,2020-06-17 01:00:00-04:00
66.96,67.82,66.8,67.75,3066877,2020-06-18 01:00:00-04:00
68.2,68.55,67.3,67.78,6430474,2020-06-19 01:00:00-04:00
67.59,67.69,66.35,66.7,3319276,2020-06-22 01:00:00-04:00
67.03,67.46,66.25,66.32,2876337,2020-06-23 01:00:00-04:00
66.24,66.24,64.28,64.88,2330854,2020-06-24 01:00:00-04:00
64.78,65.77,64.38,65.51,1795648,2020-06-25 01:00:00-04:00
65.7,66.1,63.68,63.86,2582675,2020-06-26 01:00:00-04:00
64.08,65.49,64.01,65.08,1950661,2020-06-29 01:00:00-04:00
65.53,66.23,65.0,66.06,2095089,2020-06-30 01:00:00-04:00
66.07,66.56,65.5,65.93,1777006,2020-07-01 01:00:00-04:00
66.32,66.75,66.12,66.31,1018156,2020-07-02 01:00:00-04:00
66.75,67.19,65.78,66.2,1450722,2020-07-06 01:00:00-04:00
66.01,66.99,65.575,66.61,1233510,2020-07-07 01:00:00-04:00
66.69,66.7,65.48,66.61,2506065,2020-07-08 01:00:00-04:00
66.24,66.51,65.68,65.9,1708376,2020-07-09 01:00:00-04:00
66.06,67.28,65.95,67.19,1794016,2020-07-10 01:00:00-04:00
67.78,67.9,66.47,66.95,2113603,2020-07-13 01:00:00-04:00
66.7,68.49,66.51,68.4,1764323,2020-07-14 01:00:00-04:00
68.35,69.047,67.95,68.09,1242855,2020-07-15 01:00:00-04:00
68.14,69.04,67.83,68.24,1213198,2020-07-16 01:00:00-04:00
68.45,68.84,68.36,68.63,1842550,2020-07-17 01:00:00-04:00
68.45,68.5,67.18,67.42,2149798,2020-07-20 01:00:00-04:00
67.51,68.45,67.48,67.67,1389585,2020-07-21 01:00:00-04:00
67.66,67.71,66.55,67.46,1903683,2020-07-22 01:00:00-04:00
67.67,68.48,67.66,68.41,1425891,2020-07-23 01:00:00-04:00
68.65,69.21,67.85,68.68,1216988,2020-07-24 01:00:00-04:00
68.5,70.095,68.5,69.97,2354893,2020-07-27 01:00:00-04:00
69.97,71.32,69.97,70.91,2123573,2020-07-28 01:00:00-04:00
71.3,71.55,70.59,70.94,2639756,2020-07-29 01:00:00-04:00
72.0,72.88,69.83,70.59,4132870,2020-07-30 01:00:00-04:00
70.1,70.58,68.07,68.99,5541573,2020-07-31 01:00:00-04:00
69.0,69.65,68.76,69.35,1790064,2020-08-03 01:00:00-04:00
69.36,69.78,69.06,69.71,1871108,2020-08-04 01:00:00-04:00
69.77,70.21,69.16,69.26,1096570,2020-08-05 01:00:00-04:00
69.09,69.84,68.94,69.23,1548594,2020-08-06 01:00:00-04:00
69.25,69.73,68.7,69.52,1316089,2020-08-07 01:00:00-04:00
69.58,69.8,68.56,69.02,1476891,2020-08-10 01:00:00-04:00
69.07,69.23,67.91,68.13,1386508,2020-08-11 01:00:00-04:00
68.3,69.8297,68.18,69.28,1206035,2020-08-12 01:00:00-04:00
69.28,69.28,68.54,69.02,903151,2020-08-13 01:00:00-04:00
68.87,69.34,68.615,69.1,1279132,2020-08-14 01:00:00-04:00
69.1,69.79,68.79,69.68,1488186,2020-08-17 01:00:00-04:00
69.54,70.465,69.08,70.11,1750572,2020-08-18 01:00:00-04:00
69.97,70.24,68.73,68.85,1653944,2020-08-19 01:00:00-04:00
68.84,69.24,68.54,68.74,1073272,2020-08-20 01:00:00-04:00
68.79,69.06,68.16,68.89,1682726,2020-08-21 01:00:00-04:00
68.97,69.58,68.42,69.58,1176681,2020-08-24 01:00:00-04:00
69.83,69.83,68.8,69.49,1848210,2020-08-25 01:00:00-04:00
69.3,70.47,69.02,70.38,1447565,2020-08-26 01:00:00-04:00
70.5,71.14,70.37,70.46,1043495,2020-08-27 01:00:00-04:00
70.36,70.78,69.35,70.54,1847152,2020-08-28 01:00:00-04:00
70.07,71.13,70.01,70.91,1713410,2020-08-31 01:00:00-04:00
70.44,70.78,68.9,69.24,1716013,2020-09-01 01:00:00-04:00
69.08,70.8,69.08,70.42,1627981,2020-09-02 01:00:00-04:00
70.31,71.65,69.25,69.94,2082167,2020-09-03 01:00:00-04:00
69.69,70.25,68.67,69.22,2563303,2020-09-04 01:00:00-04:00
69.0,69.59,65.87,66.34,3153539,2020-09-08 01:00:00-04:00
66.95,67.52,66.09,66.53,2347924,2020-09-09 01:00:00-04:00
66.42,67.17,65.82,66.0,2185357,2020-09-10 01:00:00-04:00
65.89,66.02,65.1,65.44,2121710,2020-09-11 01:00:00-04:00
65.56,66.06,65.365,65.42,1666106,2020-09-14 01:00:00-04:00
65.39,66.295,65.12,65.63,2105815,2020-09-15 01:00:00-04:00
65.59,65.81,63.85,63.93,5199617,2020-09-16 01:00:00-04:00
63.35,63.6,62.6686,63.51,4076610,2020-09-17 01:00:00-04:00
62.72,63.56,62.27,62.92,5991890,2020-09-18 01:00:00-04:00
62.44,63.25,61.91,62.72,2793751,2020-09-21 01:00:00-04:00
62.72,63.66,62.42,62.67,2966651,2020-09-22 01:00:00-04:00
63.1,63.4,61.09,61.13,2129300,2020-09-23 01:00:00-04:00
61.0,62.78,60.84,62.65,2435111,2020-09-24 01:00:00-04:00
62.61,63.32,62.5281,63.08,1592753,2020-09-25 01:00:00-04:00
63.56,63.8,62.83,63.38,1292675,2020-09-28 01:00:00-04:00
63.77,63.87,63.08,63.44,1661479,2020-09-29 01:00:00-04:00
63.73,64.74,63.535,64.59,2024528,2020-09-30 01:00:00-04:00
64.72,64.8,63.6606,64.38,1691165,2020-10-01 01:00:00-04:00
63.77,65.22,63.4,64.71,1574887,2020-10-02 01:00:00-04:00
64.84,65.52,64.51,65.45,1813396,2020-10-05 01:00:00-04:00
65.49,65.855,64.8627,65.16,1374879,2020-10-06 01:00:00-04:00
65.13,65.56,64.36,64.86,1355023,2020-10-07 01:00:00-04:00
65.06,65.43,64.74,65.22,868480,2020-10-08 01:00:00-04:00
65.56,66.22,65.15,65.85,1280237,2020-10-09 01:00:00-04:00
66.0,66.7,65.89,66.31,1784850,2020-10-12 01:00:00-04:00
66.08,66.93,66.0,66.82,992591,2020-10-13 01:00:00-04:00
66.74,67.47,66.57,66.86,1228081,2020-10-14 01:00:00-04:00
66.64,67.44,66.31,67.14,1891221,2020-10-15 01:00:00-04:00
67.29,67.5691,66.93,67.1,1215727,2020-10-16 01:00:00-04:00
67.15,67.87,66.6,66.69,1644374,2020-10-19 01:00:00-04:00
67.3,67.35,66.185,66.25,1340813,2020-10-20 01:00:00-04:00
65.92,66.62,65.78,65.97,1122638,2020-10-21 01:00:00-04:00
66.03,66.53,65.6,66.36,1497978,2020-10-22 01:00:00-04:00
66.8,67.28,66.41,66.76,986384,2020-10-23 01:00:00-04:00
66.59,66.8,65.41,65.7,1413065,2020-10-26 01:00:00-04:00
65.47,65.96,64.89,64.93,1528118,2020-10-27 01:00:00-04:00
64.5,64.76,63.48,63.49,2557560,2020-10-28 01:00:00-04:00
63.78,64.7,62.65,63.08,3469878,2020-10-29 01:00:00-04:00
62.8,63.5899,62.56,62.89,2532461,2020-10-30 01:00:00-04:00
63.76,64.5968,63.28,63.94,1931557,2020-11-02 01:00:00-05:00
64.41,65.49,64.08,64.38,1572670,2020-11-03 01:00:00-05:00
64.58,65.2,63.49,63.58,1857253,2020-11-04 01:00:00-05:00
64.07,65.21,64.0,64.3,2111323,2020-11-05 01:00:00-05:00
64.32,65.13,64.05,64.35,1339352,2020-11-06 01:00:00-05:00
64.57,65.05,62.86,62.96,2921106,2020-11-09 01:00:00-05:00
62.93,64.26,62.1,64.19,3262877,2020-11-10 01:00:00-05:00
64.42,65.67,64.12,65.6,1653871,2020-11-11 01:00:00-05:00
65.6,65.67,64.56,65.1,1999279,2020-11-12 01:00:00-05:00
65.67,65.78,65.09,65.76,1049605,2020-11-13 01:00:00-05:00
65.46,66.63,65.01,66.58,1710279,2020-11-16 01:00:00-05:00
66.21,67.02,65.88,66.32,1250532,2020-11-17 01:00:00-05:00
66.4,66.62,65.0,65.02,1208665,2020-11-18 01:00:00-05:00
64.98,65.4,64.39,65.21,1140555,2020-11-19 01:00:00-05:00
65.21,65.39,64.49,65.01,1785979,2020-11-20 01:00:00-05:00
63.1,64.3,63.1,63.67,2595092,2020-11-23 01:00:00-05:00
64.05,64.25,62.42,62.47,3462263,2020-11-24 01:00:00-05:00
62.93,64.16,62.83,63.26,2216004,2020-11-25 01:00:00-05:00
63.69,63.77,63.0,63.48,824307,2020-11-27 01:00:00-05:00
62.88,63.92,62.49,63.91,3265669,2020-11-30 01:00:00-05:00
63.71,63.97,63.29,63.68,2751536,2020-12-01 01:00:00-05:00
63.53,63.82,62.51,62.72,2110538,2020-12-02 01:00:00-05:00
62.6,63.07,62.45,63.0,1736237,2020-12-03 01:00:00-05:00
62.92,62.92,61.99,62.37,2736627,2020-12-04 01:00:00-05:00
62.45,62.72,61.77,61.95,2833744,2020-12-07 01:00:00-05:00
62.11,62.61,61.75,62.55,2874727,2020-12-08 01:00:00-05:00
62.67,62.84,61.56,62.0,3059375,2020-12-09 01:00:00-05:00
62.13,62.31,61.69,61.98,2112288,2020-12-10 01:00:00-05:00
61.64,62.46,61.5228,62.11,2140321,2020-12-11 01:00:00-05:00
62.5,62.85,61.875,61.92,2024486,2020-12-14 01:00:00-05:00
62.02,62.12,61.04,61.24,2286006,2020-12-15 01:00:00-05:00
61.62,61.98,61.25,61.5,2512175,2020-12-16 01:00:00-05:00
61.92,62.72,61.78,62.48,2066277,2020-12-17 01:00:00-05:00
62.5,62.77,61.555,62.08,5137953,2020-12-18 01:00:00-05:00
61.66,61.68,60.64,61.53,1889396,2020-12-21 01:00:00-05:00
61.4,61.51,60.82,61.19,1687560,2020-12-22 01:00:00-05:00
61.51,61.9752,61.3645,61.61,1638496,2020-12-23 01:00:00-05:00
61.58,61.9,61.42,61.78,524805,2020-12-24 01:00:00-05:00
61.93,62.36,61.8,62.34,956160,2020-12-28 01:00:00-05:00
62.48,63.08,62.01,62.29,1014486,2020-12-29 01:00:00-05:00
62.15,62.21,61.45,61.53,1084832,2020-12-30 01:00:00-05:00
61.53,62.29,61.33,62.23,1813140,2020-12-31 01:00:00-05:00
62.02,62.21,60.95,61.45,3158866,2021-01-04 01:00:00-05:00
61.49,61.97,61.26,61.8,1630030,2021-01-05 01:00:00-05:00
61.2,61.75,60.89,61.32,2595963,2021-01-06 01:00:00-05:00
61.54,61.66,60.77,60.89,2518050,2021-01-07 01:00:00-05:00
60.92,61.4,59.51,60.2,3504000,2021-01-08 01:00:00-05:00
60.41,60.62,59.28,59.37,2941472,2021-01-11 01:00:00-05:00
59.5,59.53,57.85,58.56,3021397,2021-01-12 01:00:00-05:00
58.73,59.598,58.25,59.14,2350527,2021-01-13 01:00:00-05:00
59.49,59.49,58.74,59.05,5630923,2021-01-14 01:00:00-05:00
59.22,59.6,58.51,59.03,5054048,2021-01-15 01:00:00-05:00
59.44,59.8,58.0,58.46,3862881,2021-01-19 01:00:00-05:00
58.45,58.45,57.04,57.64,5202317,2021-01-20 01:00:00-05:00
57.68,57.9,57.25,57.89,2982450,2021-01-21 01:00:00-05:00
58.0,58.61,57.51,58.3,2241626,2021-01-22 01:00:00-05:00
58.32,60.88,58.18,59.84,4423216,2021-01-25 01:00:00-05:00
59.82,60.99,59.12,60.92,2949156,2021-01-26 01:00:00-05:00
61.17,63.42,61.0,62.36,6165500,2021-01-27 01:00:00-05:00
62.1,62.84,59.9,60.17,3270742,2021-01-28 01:00:00-05:00
60.0,60.75,58.791,58.94,5715218,2021-01-29 01:00:00-05:00
58.94,59.44,58.22,58.82,2823273,2021-02-01 01:00:00-05:00
58.9,59.25,57.86,58.45,2816901,2021-02-02 01:00:00-05:00
58.4,58.4963,57.61,58.01,2306467,2021-02-03 01:00:00-05:00
57.99,58.29,57.71,57.87,3123297,2021-02-04 01:00:00-05:00
57.93,58.349,57.65,58.03,2949006,2021-02-05 01:00:00-05:00
58.17,58.22,57.21,57.74,3168791,2021-02-08 01:00:00-05:00
57.95,57.97,57.14,57.64,3344910,2021-02-09 01:00:00-05:00
58.15,58.58,57.78,58.11,3423150,2021-02-10 01:00:00-05:00
57.9,58.39,56.61,57.0,7772882,2021-02-11 01:00:00-05:00
57.02,57.93,56.93,57.38,3556530,2021-02-12 01:00:00-05:00
57.4,57.57,56.81,56.86,3420951,2021-02-16 01:00:00-05:00
56.89,58.15,56.7,58.03,4342564,2021-02-17 01:00:00-05:00
57.89,59.54,57.6,59.53,4426675,2021-02-18 01:00:00-05:00
59.53,59.74,57.705,57.91,5082553,2021-02-19 01:00:00-05:00
58.18,59.375,57.87,59.26,3517160,2021-02-22 01:00:00-05:00
59.59,60.1,58.74,59.28,3993182,2021-02-23 01:00:00-05:00
59.3,59.63,58.24,58.61,4761714,2021-02-24 01:00:00-05:00
58.59,59.65,58.42,58.74,3424215,2021-02-25 01:00:00-05:00
59.0,59.16,57.63,57.71,4904705,2021-02-26 01:00:00-05:00
57.2,57.82,56.75,56.91,5101747,2021-03-01 01:00:00-05:00
57.07,57.63,56.93,57.23,2665104,2021-03-02 01:00:00-05:00
57.03,57.6334,56.87,57.33,2539131,2021-03-03 01:00:00-05:00
57.83,58.5,57.38,57.7,3227168,2021-03-04 01:00:00-05:00
57.96,59.31,57.69,59.24,4510343,2021-03-05 01:00:00-05:00
59.3,59.97,58.951,59.38,3108897,2021-03-08 01:00:00-05:00
59.25,59.85,58.8,58.99,3127461,2021-03-09 01:00:00-05:00
59.31,60.005,58.11,59.73,3270057,2021-03-10 01:00:00-05:00
59.4,59.77,59.2,59.26,2138556,2021-03-11 01:00:00-05:00
59.68,60.74,59.4,60.64,3409698,2021-03-12 01:00:00-05:00
60.93,60.96,59.66,60.02,3588226,2021-03-15 01:00:00-04:00
60.0,60.59,59.79,60.36,2246842,2021-03-16 01:00:00-04:00
60.5,60.8,60.07,60.38,1920246,2021-03-17 01:00:00-04:00
60.15,60.865,59.91,60.63,1467314,2021-03-18 01:00:00-04:00
60.75,61.2299,60.28,60.81,7112455,2021-03-19 01:00:00-04:00
60.64,62.61,60.63,62.39,3719466,2021-03-22 01:00:00-04:00
62.57,62.97,62.01,62.59,3470624,2021-03-23 01:00:00-04:00
61.82,62.015,60.46,61.51,3658144,2021-03-24 01:00:00-04:00
61.93,63.345,61.22,62.73,3591820,2021-03-25 01:00:00-04:00
62.77,63.8,61.9,63.71,2733186,2021-03-26 01:00:00-04:00
64.0,65.32,63.87,64.95,4550757,2021-03-29 01:00:00-04:00
64.95,65.11,63.62,63.76,3298899,2021-03-30 01:00:00-04:00
63.4,63.76,62.81,63.3,2585615,2021-03-31 01:00:00-04:00
63.21,63.56,62.22,63.34,3652917,2021-04-01 01:00:00-04:00
63.38,64.14,63.295,63.64,2496600,2021-04-05 01:00:00-04:00
63.58,64.16,63.49,64.02,1897861,2021-04-06 01:00:00-04:00
64.24,64.2627,63.35,63.67,1749070,2021-04-07 01:00:00-04:00
63.6,63.87,63.31,63.86,2162113,2021-04-08 01:00:00-04:00
63.81,64.1624,61.97,62.66,2614615,2021-04-09 01:00:00-04:00
62.83,63.5,62.62,63.41,2141779,2021-04-12 01:00:00-04:00
63.19,63.62,62.955,63.08,2153490,2021-04-13 01:00:00-04:00
63.18,63.18,61.99,62.58,4318019,2021-04-14 01:00:00-04:00
62.77,63.28,62.69,62.97,2079467,2021-04-15 01:00:00-04:00
63.2,63.48,62.48,63.35,2243699,2021-04-16 01:00:00-04:00
63.3,63.99,62.98,63.7,1663993,2021-04-19 01:00:00-04:00
63.57,64.73,63.04,64.22,2730684,2021-04-20 01:00:00-04:00
64.56,64.93,64.34,64.54,1547344,2021-04-21 01:00:00-04:00
64.54,64.62,63.79,63.97,1701804,2021-04-22 01:00:00-04:00
63.82,63.895,62.885,63.28,1803504,2021-04-23 01:00:00-04:00
63.23,63.25,62.26,62.44,2825606,2021-04-26 01:00:00-04:00
62.35,62.4408,61.93,62.13,2778696,2021-04-27 01:00:00-04:00
62.38,62.7,61.86,62.06,2182243,2021-04-28 01:00:00-04:00
62.11,63.1,62.11,62.73,2645407,2021-04-29 01:00:00-04:00
62.65,62.86,61.85,62.42,4038650,2021-04-30 01:00:00-04:00
62.44,63.52,62.42,62.89,2709390,2021-05-03 01:00:00-04:00
63.08,63.3,61.99,62.48,2628961,2021-05-04 01:00:00-04:00
62.5,63.11,61.875,63.07,2917312,2021-05-05 01:00:00-04:00
65.01,68.5,65.01,67.53,12592867,2021-05-06 01:00:00-04:00
67.1,67.15,65.97,66.95,3926401,2021-05-07 01:00:00-04:00
67.15,68.45,67.0,68.21,3045939,2021-05-10 01:00:00-04:00
68.36,68.57,66.75,67.15,2812249,2021-05-11 01:00:00-04:00
67.25,67.26,66.36,66.42,2483588,2021-05-12 01:00:00-04:00
65.94,68.09,65.875,67.69,2587795,2021-05-13 01:00:00-04:00
67.8,68.6,66.5,66.54,2985499,2021-05-14 01:00:00-04:00
66.54,67.01,65.73,66.32,2205819,2021-05-17 01:00:00-04:00
66.2,66.45,65.67,66.04,1584472,2021-05-18 01:00:00-04:00
65.98,66.09,65.385,66.04,1686086,2021-05-19 01:00:00-04:00
65.95,66.82,65.83,66.32,2571065,2021-05-20 01:00:00-04:00
66.37,67.2,66.28,66.5,2128229,2021-05-21 01:00:00-04:00
66.55,66.84,66.07,66.1,1436107,2021-05-24 01:00:00-04:00
66.1,66.31,65.43,66.24,2303749,2021-05-25 01:00:00-04:00
66.36,66.48,65.92,66.09,1456536,2021-05-26 01:00:00-04:00
66.18,66.5,65.43,65.54,3281316,2021-05-27 01:00:00-04:00
65.15,65.95,65.1,65.49,2724443,2021-05-28 01:00:00-04:00
65.64,66.1,65.125,65.46,1768085,2021-06-01 01:00:00-04:00
65.61,66.53,65.29,66.44,2322114,2021-06-02 01:00:00-04:00
66.47,67.07,66.24,66.73,2102242,2021-06-03 01:00:00-04:00
66.72,67.01,66.39,66.63,1420048,2021-06-04 01:00:00-04:00
66.63,66.73,65.94,66.41,1492589,2021-06-07 01:00:00-04:00
66.5,66.64,65.835,65.98,2470312,2021-06-08 01:00:00-04:00
64.47,65.6946,64.37,64.8,3097875,2021-06-09 01:00:00-04:00
64.89,65.47,64.61,65.3,1625253,2021-06-10 01:00:00-04:00
65.41,65.59,64.71,65.16,1558647,2021-06-11 01:00:00-04:00
65.14,65.43,64.72,65.39,1366092,2021-06-14 01:00:00-04:00
65.44,65.55,64.78,64.87,1633855,2021-06-15 01:00:00-04:00
65.02,65.26,64.67,64.78,2527588,2021-06-16 01:00:00-04:00
64.63,65.02,63.9,64.53,2437696,2021-06-17 01:00:00-04:00
64.3,64.3,63.5718,63.59,3465047,2021-06-18 01:00:00-04:00
63.75,64.19,63.59,64.17,2312365,2021-06-21 01:00:00-04:00
64.37,64.37,63.84,63.92,1654390,2021-06-22 01:00:00-04:00
63.79,63.82,63.04,63.07,1725472,2021-06-23 01:00:00-04:00
63.03,63.51,62.7,63.44,1234010,2021-06-24 01:00:00-04:00
63.28,63.99,63.21,63.93,2192249,2021-06-25 01:00:00-04:00
63.87,64.55,63.69,64.41,1953066,2021-06-28 01:00:00-04:00
64.41,64.6,63.675,63.93,2683964,2021-06-29 01:00:00-04:00
63.93,64.795,63.93,64.33,4268581,2021-06-30 01:00:00-04:00
64.33,64.56,63.86,63.97,2290541,2021-07-01 01:00:00-04:00
64.29,64.36,63.77,64.02,1736308,2021-07-02 01:00:00-04:00
63.85,63.91,63.2,63.73,1887933,2021-07-06 01:00:00-04:00
63.63,64.555,63.52,64.17,1736534,2021-07-07 01:00:00-04:00
64.11,64.8133,63.79,64.0,1311482,2021-07-08 01:00:00-04:00
64.08,64.54,64.06,64.28,1453001,2021-07-09 01:00:00-04:00
64.12,64.23,63.52,63.77,1512151,2021-07-12 01:00:00-04:00
63.72,64.0,62.94,63.16,1952397,2021-07-13 01:00:00-04:00
63.1,63.48,62.51,63.21,1780264,2021-07-14 01:00:00-04:00
63.17,63.94,62.95,63.89,1666200,2021-07-15 01:00:00-04:00
64.16,64.465,63.875,64.26,1656741,2021-07-16 01:00:00-04:00
64.28,64.89,63.57,64.81,1822847,2021-07-19 01:00:00-04:00
64.97,65.6,64.33,64.4,2260928,2021-07-20 01:00:00-04:00
64.39,64.5,63.31,63.31,1619639,2021-07-21 01:00:00-04:00
63.09,63.33,62.53,62.77,2290054,2021-07-22 01:00:00-04:00
62.85,63.68,62.55,63.43,1294449,2021-07-23 01:00:00-04:00
63.32,63.67,63.19,63.25,1404899,2021-07-26 01:00:00-04:00
63.28,64.11,63.095,63.71,1362273,2021-07-27 01:00:00-04:00
63.51,63.75,62.78,62.95,1697937,2021-07-28 01:00:00-04:00
63.16,63.4,62.93,63.06,1352387,2021-07-29 01:00:00-04:00
63.19,63.93,63.06,63.36,4524916,2021-07-30 01:00:00-04:00
63.41,63.75,63.235,63.42,2176838,2021-08-02 01:00:00-04:00
63.45,64.25,63.25,63.61,2561700,2021-08-03 01:00:00-04:00
63.55,63.62,62.0,62.02,3298558,2021-08-04 01:00:00-04:00
62.47,63.21,62.09,62.51,3628647,2021-08-05 01:00:00-04:00
62.43,63.53,62.41,63.22,2101098,2021-08-06 01:00:00-04:00
63.49,63.87,63.17,63.55,1902306,2021-08-09 01:00:00-04:00
63.47,64.21,63.25,64.19,1704726,2021-08-10 01:00:00-04:00
64.33,64.88,64.29,64.46,1401779,2021-08-11 01:00:00-04:00
64.51,64.6163,64.26,64.41,1340394,2021-08-12 01:00:00-04:00
64.82,65.68,64.53,65.57,1337959,2021-08-13 01:00:00-04:00
65.64,66.25,65.57,66.02,1475537,2021-08-16 01:00:00-04:00
66.18,67.07,66.08,66.99,2000744,2021-08-17 01:00:00-04:00
66.99,67.07,65.45,65.5,2346669,2021-08-18 01:00:00-04:00
65.5,66.495,65.455,66.23,1571935,2021-08-19 01:00:00-04:00
66.39,66.82,65.945,66.16,1881585,2021-08-20 01:00:00-04:00
66.15,66.15,65.58,65.73,1135233,2021-08-23 01:00:00-04:00
65.83,65.832,64.75,64.99,1505868,2021-08-24 01:00:00-04:00
64.85,64.88,63.895,63.98,2620516,2021-08-25 01:00:00-04:00
63.89,63.89,62.9446,63.22,2443816,2021-08-26 01:00:00-04:00
63.08,63.39,62.834,63.28,1776868,2021-08-27 01:00:00-04:00
62.83,63.43,62.62,63.16,2432616,2021-08-30 01:00:00-04:00
62.79,63.18,62.05,63.14,4298331,2021-08-31 01:00:00-04:00
63.2,63.43,62.61,63.29,2240051,2021-09-01 01:00:00-04:00
63.29,63.61,63.01,63.46,1832347,2021-09-02 01:00:00-04:00
63.43,63.72,63.2,63.44,1763641,2021-09-03 01:00:00-04:00
63.25,63.265,61.7,61.74,3133103,2021-09-07 01:00:00-04:00
61.74,63.28,61.74,63.05,2429972,2021-09-08 01:00:00-04:00
63.0,63.28,62.755,63.0,2135732,2021-09-09 01:00:00-04:00
62.9,63.14,62.33,62.74,1494248,2021-09-10 01:00:00-04:00
62.97,63.85,62.97,63.4,1663597,2021-09-13 01:00:00-04:00
63.61,63.81,63.26,63.68,1699839,2021-09-14 01:00:00-04:00
63.81,64.19,63.72,63.88,1670669,2021-09-15 01:00:00-04:00
63.88,64.35,62.68,63.54,2891916,2021-09-16 01:00:00-04:00
63.46,64.079,63.1301,63.56,3801906,2021-09-17 01:00:00-04:00
63.22,63.75,63.03,63.39,1857012,2021-09-20 01:00:00-04:00
63.3,63.59,62.42,62.78,2093577,2021-09-21 01:00:00-04:00
63.35,63.76,62.56,63.22,1337599,2021-09-22 01:00:00-04:00
63.24,63.74,63.05,63.15,1336832,2021-09-23 01:00:00-04:00
63.19,63.98,63.19,63.78,1627372,2021-09-24 01:00:00-04:00
64.0,64.68,63.6352,64.0,1683403,2021-09-27 01:00:00-04:00
64.07,64.47,63.5929,64.0,1655615,2021-09-28 01:00:00-04:00
64.02,65.775,64.02,65.3,1954202,2021-09-29 01:00:00-04:00
65.36,65.39,63.92,63.92,1967810,2021-09-30 01:00:00-04:00
64.08,64.24,63.56,63.87,1625297,2021-10-01 01:00:00-04:00
63.97,64.765,63.87,64.53,1683676,2021-10-04 01:00:00-04:00
64.52,64.89,63.8,64.02,3219948,2021-10-05 01:00:00-04:00
63.93,64.71,63.25,64.4,1878590,2021-10-06 01:00:00-04:00
64.24,64.4,63.015,63.11,2620055,2021-10-07 01:00:00-04:00
62.99,63.25,62.4891,62.69,2486887,2021-10-08 01:00:00-04:00
62.89,63.04,62.53,62.76,1595125,2021-10-11 01:00:00-04:00
62.72,62.89,62.12,62.36,1946433,2021-10-12 01:00:00-04:00
62.27,62.53,61.36,61.69,2105363,2021-10-13 01:00:00-04:00
61.76,62.39,61.46,62.16,1682676,2021-10-14 01:00:00-04:00
62.2,62.28,61.615,61.79,1805783,2021-10-15 01:00:00-04:00
61.6,61.85,61.18,61.48,1611317,2021-10-18 01:00:00-04:00
61.51,61.599,61.12,61.5,1528692,2021-10-19 01:00:00-04:00
61.64,62.239,61.605,62.01,2518925,2021-10-20 01:00:00-04:00
62.05,62.16,61.265,61.68,1658975,2021-10-21 01:00:00-04:00
61.75,62.21,61.75,62.12,1682562,2021-10-22 01:00:00-04:00
62.15,62.15,61.35,61.73,1580193,2021-10-25 01:00:00-04:00
61.66,61.97,61.55,61.6,2365351,2021-10-26 01:00:00-04:00
62.14,62.17,60.96,61.3,1926662,2021-10-27 01:00:00-04:00
61.29,61.75,61.03,61.69,1252816,2021-10-28 01:00:00-04:00
61.6,61.9,61.17,61.3,2190036,2021-10-29 01:00:00-04:00
61.41,62.35,61.27,62.16,1580181,2021-11-01 01:00:00-04:00
62.39,62.67,61.66,62.53,1860754,2021-11-02 01:00:00-04:00
62.6,63.38,62.36,63.34,2671992,2021-11-03 01:00:00-04:00
63.4,64.25,62.18,62.91,2948405,2021-11-04 01:00:00-04:00
62.81,63.06,62.07,62.56,2045113,2021-11-05 01:00:00-04:00
62.5,62.54,61.91,62.25,1875518,2021-11-08 01:00:00-05:00
62.52,63.38,62.38,62.94,1692020,2021-11-09 01:00:00-05:00
62.92,64.36,62.65,63.52,1661828,2021-11-10 01:00:00-05:00
63.18,63.47,62.95,63.26,1146974,2021-11-11 01:00:00-05:00
63.55,63.82,63.2,63.22,1294938,2021-11-12 01:00:00-05:00
63.5,64.0,63.05,63.91,1128551,2021-11-15 01:00:00-05:00
64.08,64.08,63.34,63.35,1239551,2021-11-16 01:00:00-05:00
63.27,63.38,62.76,62.96,1577244,2021-11-17 01:00:00-05:00
62.94,63.04,61.98,62.41,1634749,2021-11-18 01:00:00-05:00
62.72,62.954,61.9,61.93,1677273,2021-11-19 01:00:00-05:00
61.89,63.13,61.75,62.39,1845484,2021-11-22 01:00:00-05:00
62.71,63.61,62.34,63.38,1986943,2021-11-23 01:00:00-05:00
63.38,63.62,62.71,63.2,1309522,2021-11-24 01:00:00-05:00
63.32,64.17,63.25,63.64,1624509,2021-11-26 01:00:00-05:00
63.6,64.125,63.18,63.87,2403520,2021-11-29 01:00:00-05:00
63.12,63.585,60.97,61.18,5386210,2021-11-30 01:00:00-05:00
61.29,62.0,61.01,61.03,2193794,2021-12-01 01:00:00-05:00
61.51,62.66,61.32,61.93,2495094,2021-12-02 01:00:00-05:00
62.42,63.22,62.11,63.0,1692716,2021-12-03 01:00:00-05:00
63.42,64.36,63.15,63.58,2027521,2021-12-06 01:00:00-05:00
63.58,64.28,62.7542,63.08,2462179,2021-12-07 01:00:00-05:00
