open,high,low,close,volume,datetime
69.01,69.67,68.69,69.01,393672,2016-11-03 01:00:00-04:00
69.18,69.18,68.11,68.26,609750,2016-11-04 01:00:00-04:00
69.36,69.61,68.68,69.05,664408,2016-11-07 01:00:00-05:00
68.98,69.64,68.49,69.57,632626,2016-11-08 01:00:00-05:00
69.61,70.5499,68.18,70.11,949871,2016-11-09 01:00:00-05:00
70.72,71.94,70.4566,71.68,685698,2016-11-10 01:00:00-05:00
71.32,71.83,71.26,71.52,408305,2016-11-11 01:00:00-05:00
71.72,72.41,71.36,72.39,670666,2016-11-14 01:00:00-05:00
72.05,72.8,71.98,72.6,646256,2016-11-15 01:00:00-05:00
72.52,72.52,71.59,72.16,396777,2016-11-16 01:00:00-05:00
72.32,74.06,72.2,74.02,731537,2016-11-17 01:00:00-05:00
73.98,74.73,73.6101,74.47,795937,2016-11-18 01:00:00-05:00
74.86,75.12,74.45,75.1,782943,2016-11-21 01:00:00-05:00
75.54,75.555,74.99,75.28,799624,2016-11-22 01:00:00-05:00
75.28,75.93,75.07,75.9,623346,2016-11-23 01:00:00-05:00
76.08,76.83,75.9899,76.68,392191,2016-11-25 01:00:00-05:00
76.68,76.92,76.27,76.59,877972,2016-11-28 01:00:00-05:00
76.83,77.44,76.4,77.11,859283,2016-11-29 01:00:00-05:00
77.27,77.43,76.46,76.74,2028130,2016-11-30 01:00:00-05:00
76.93,77.3435,76.65,77.12,630945,2016-12-01 01:00:00-05:00
77.12,77.19,76.69,76.88,493593,2016-12-02 01:00:00-05:00
77.25,77.3,76.47,76.83,573841,2016-12-05 01:00:00-05:00
76.85,77.13,75.84,77.11,669933,2016-12-06 01:00:00-05:00
77.2,78.06,76.95,78.02,699906,2016-12-07 01:00:00-05:00
78.07,78.5655,77.6223,78.25,476988,2016-12-08 01:00:00-05:00
78.25,78.4772,77.51,78.21,522530,2016-12-09 01:00:00-05:00
77.7,78.85,77.7,78.84,611207,2016-12-12 01:00:00-05:00
79.25,79.6,78.04,78.36,579595,2016-12-13 01:00:00-05:00
78.36,78.52,77.0,77.15,623923,2016-12-14 01:00:00-05:00
77.37,77.77,76.76,77.28,529232,2016-12-15 01:00:00-05:00
77.29,77.3,75.55,75.65,2559875,2016-12-16 01:00:00-05:00
75.67,76.59,75.5701,76.46,520594,2016-12-19 01:00:00-05:00
76.75,76.88,76.02,76.51,414149,2016-12-20 01:00:00-05:00
76.6,76.87,76.16,76.19,477046,2016-12-21 01:00:00-05:00
76.19,76.66,75.8,76.29,323061,2016-12-22 01:00:00-05:00
76.16,76.57,76.0186,76.49,310172,2016-12-23 01:00:00-05:00
76.81,76.86,76.27,76.57,305187,2016-12-27 01:00:00-05:00
76.59,76.76,75.93,75.96,264342,2016-12-28 01:00:00-05:00
75.84,76.3,75.77,75.87,303350,2016-12-29 01:00:00-05:00
75.87,75.99,75.52,75.75,471592,2016-12-30 01:00:00-05:00
76.26,76.71,75.05,75.79,496641,2017-01-03 01:00:00-05:00
76.1,76.3284,75.69,76.07,443578,2017-01-04 01:00:00-05:00
76.03,76.6,75.21,75.76,419345,2017-01-05 01:00:00-05:00
75.83,76.0399,75.37,75.78,353979,2017-01-06 01:00:00-05:00
75.45,75.51,74.49,74.5,382196,2017-01-09 01:00:00-05:00
74.37,75.09,74.33,74.52,325562,2017-01-10 01:00:00-05:00
74.5,74.9,74.18,74.89,329770,2017-01-11 01:00:00-05:00
74.6,75.0215,69.69,69.91,1548616,2017-01-12 01:00:00-05:00
69.86,70.87,69.78,70.06,1004550,2017-01-13 01:00:00-05:00
70.11,70.8,69.52,69.74,758239,2017-01-17 01:00:00-05:00
69.57,70.58,69.2501,70.54,567247,2017-01-18 01:00:00-05:00
70.51,70.54,69.57,69.89,628041,2017-01-19 01:00:00-05:00
70.09,70.6,69.7,70.27,562308,2017-01-20 01:00:00-05:00
70.25,70.39,69.375,69.73,438387,2017-01-23 01:00:00-05:00
70.02,70.3,69.84,70.09,574464,2017-01-24 01:00:00-05:00
70.46,71.17,70.4,71.11,510526,2017-01-25 01:00:00-05:00
70.95,71.42,70.45,70.68,858866,2017-01-26 01:00:00-05:00
70.85,70.85,70.03,70.62,525409,2017-01-27 01:00:00-05:00
70.53,70.59,69.73,70.04,473074,2017-01-30 01:00:00-05:00
70.0,70.58,69.855,70.58,941627,2017-01-31 01:00:00-05:00
70.82,71.09,69.78,70.06,524066,2017-02-01 01:00:00-05:00
69.48,70.69,69.48,70.65,468820,2017-02-02 01:00:00-05:00
71.48,71.79,70.84,71.43,610089,2017-02-03 01:00:00-05:00
71.2,71.35,70.72,70.79,451520,2017-02-06 01:00:00-05:00
70.75,71.07,70.05,70.43,541223,2017-02-07 01:00:00-05:00
70.51,70.81,70.19,70.34,569713,2017-02-08 01:00:00-05:00
68.25,70.34,68.24,70.25,746929,2017-02-09 01:00:00-05:00
70.25,71.19,70.2101,71.06,551826,2017-02-10 01:00:00-05:00
71.32,72.01,71.07,71.75,533572,2017-02-13 01:00:00-05:00
71.84,72.51,71.83,72.39,459228,2017-02-14 01:00:00-05:00
72.19,72.85,72.05,72.82,456798,2017-02-15 01:00:00-05:00
72.83,73.1,72.56,73.09,351807,2017-02-16 01:00:00-05:00
72.88,72.91,72.35,72.67,497003,2017-02-17 01:00:00-05:00
72.91,73.0,72.36,72.85,444238,2017-02-21 01:00:00-05:00
72.75,73.18,72.59,72.93,397700,2017-02-22 01:00:00-05:00
72.93,73.44,72.75,73.34,408590,2017-02-23 01:00:00-05:00
73.17,73.53,72.91,73.49,318696,2017-02-24 01:00:00-05:00
73.63,73.7534,72.84,73.06,328813,2017-02-27 01:00:00-05:00
73.06,73.27,72.65,72.96,616554,2017-02-28 01:00:00-05:00
74.09,75.23,74.09,75.15,597293,2017-03-01 01:00:00-05:00
75.18,75.35,74.27,74.3,486996,2017-03-02 01:00:00-05:00
74.09,74.36,73.64,73.965,584729,2017-03-03 01:00:00-05:00
73.84,73.99,73.14,73.18,502422,2017-03-06 01:00:00-05:00
72.68,73.44,72.68,73.17,404662,2017-03-07 01:00:00-05:00
73.28,73.75,72.76,72.76,463022,2017-03-08 01:00:00-05:00
73.05,73.59,72.97,73.42,432360,2017-03-09 01:00:00-05:00
73.74,74.02,73.27,73.97,473917,2017-03-10 01:00:00-05:00
73.82,73.95,73.5601,73.91,407854,2017-03-13 01:00:00-04:00
73.58,74.49,73.54,74.1,429159,2017-03-14 01:00:00-04:00
74.33,75.09,73.84,74.95,598265,2017-03-15 01:00:00-04:00
74.79,75.29,74.52,74.7,435051,2017-03-16 01:00:00-04:00
74.87,75.33,74.32,75.18,1542929,2017-03-17 01:00:00-04:00
74.62,74.96,73.95,74.22,396001,2017-03-20 01:00:00-04:00
74.55,74.55,72.7,72.78,603067,2017-03-21 01:00:00-04:00
72.5,73.04,72.055,72.75,452455,2017-03-22 01:00:00-04:00
72.77,73.4407,72.6,72.74,282470,2017-03-23 01:00:00-04:00
72.8,72.89,71.66,71.88,514487,2017-03-24 01:00:00-04:00
71.0,71.82,70.89,71.66,392508,2017-03-27 01:00:00-04:00
71.66,72.68,71.4,72.5,424847,2017-03-28 01:00:00-04:00
72.27,72.51,71.74,71.75,341732,2017-03-29 01:00:00-04:00
71.63,72.4099,71.59,72.33,329187,2017-03-30 01:00:00-04:00
72.22,72.69,72.13,72.27,391271,2017-03-31 01:00:00-04:00
72.43,72.56,71.37,71.58,386715,2017-04-03 01:00:00-04:00
71.39,71.8,71.16,71.56,510442,2017-04-04 01:00:00-04:00
71.7,71.7636,70.64,70.81,577699,2017-04-05 01:00:00-04:00
70.78,71.196,70.34,70.85,492928,2017-04-06 01:00:00-04:00
70.44,71.415,70.1224,70.24,771025,2017-04-07 01:00:00-04:00
70.37,71.38,70.28,71.24,639677,2017-04-10 01:00:00-04:00
70.79,71.565,70.69,71.39,376825,2017-04-11 01:00:00-04:00
71.27,71.3334,70.5,70.87,449083,2017-04-12 01:00:00-04:00
70.83,71.17,70.345,70.46,409013,2017-04-13 01:00:00-04:00
70.63,71.61,70.6109,71.6,401774,2017-04-17 01:00:00-04:00
70.99,71.09,69.98,70.56,674084,2017-04-18 01:00:00-04:00
70.9,71.09,69.76,70.04,578289,2017-04-19 01:00:00-04:00
70.08,70.54,69.65,70.45,662768,2017-04-20 01:00:00-04:00
70.4,71.08,69.97,70.18,613107,2017-04-21 01:00:00-04:00
71.28,71.62,71.04,71.46,578795,2017-04-24 01:00:00-04:00
71.67,72.3525,71.55,71.82,445270,2017-04-25 01:00:00-04:00
71.83,72.65,71.68,71.88,626415,2017-04-26 01:00:00-04:00
72.0,73.29,71.48,73.04,661408,2017-04-27 01:00:00-04:00
73.29,73.29,72.04,72.09,971505,2017-04-28 01:00:00-04:00
72.22,72.3938,70.64,71.12,832737,2017-05-01 01:00:00-04:00
71.37,71.57,70.98,71.06,465900,2017-05-02 01:00:00-04:00
71.14,71.86,70.86,71.18,778528,2017-05-03 01:00:00-04:00
71.26,71.76,70.58,70.96,814642,2017-05-04 01:00:00-04:00
71.29,71.33,70.53,70.83,567869,2017-05-05 01:00:00-04:00
70.9,71.0,69.89,69.92,437734,2017-05-08 01:00:00-04:00
70.03,70.22,68.78,68.99,623401,2017-05-09 01:00:00-04:00
68.97,69.66,68.88,69.21,701487,2017-05-10 01:00:00-04:00
68.87,69.61,68.79,69.38,592994,2017-05-11 01:00:00-04:00
69.07,69.8,69.0,69.06,510249,2017-05-12 01:00:00-04:00
69.08,69.81,69.08,69.62,602395,2017-05-15 01:00:00-04:00
69.61,69.77,69.23,69.33,350295,2017-05-16 01:00:00-04:00
68.58,69.0,68.5,68.69,738412,2017-05-17 01:00:00-04:00
68.76,69.555,68.49,68.98,733408,2017-05-18 01:00:00-04:00
69.15,69.555,68.77,69.04,522287,2017-05-19 01:00:00-04:00
69.25,69.65,69.06,69.53,347915,2017-05-22 01:00:00-04:00
69.73,69.83,69.31,69.57,405889,2017-05-23 01:00:00-04:00
69.79,69.975,69.49,69.7,303379,2017-05-24 01:00:00-04:00
69.82,70.52,69.74,70.45,504600,2017-05-25 01:00:00-04:00
70.33,70.45,69.845,69.91,436152,2017-05-26 01:00:00-04:00
69.66,69.77,69.14,69.53,484207,2017-05-30 01:00:00-04:00
69.81,70.17,69.36,70.08,798567,2017-05-31 01:00:00-04:00
69.99,70.93,69.9,70.93,550723,2017-06-01 01:00:00-04:00
70.89,71.03,70.545,70.72,481503,2017-06-02 01:00:00-04:00
70.52,70.86,70.29,70.34,467303,2017-06-05 01:00:00-04:00
69.95,70.34,69.44,69.48,539585,2017-06-06 01:00:00-04:00
69.72,69.74,69.29,69.56,627487,2017-06-07 01:00:00-04:00
69.73,70.56,69.6,70.46,548287,2017-06-08 01:00:00-04:00
70.61,71.81,70.61,71.78,522907,2017-06-09 01:00:00-04:00
71.72,73.09,71.6201,73.02,714921,2017-06-12 01:00:00-04:00
73.3,73.3,72.5201,72.88,495272,2017-06-13 01:00:00-04:00
72.71,73.25,72.43,73.05,396797,2017-06-14 01:00:00-04:00
72.57,73.96,72.57,73.89,390076,2017-06-15 01:00:00-04:00
73.93,73.98,73.32,73.75,890718,2017-06-16 01:00:00-04:00
73.42,73.54,72.84,73.1,464183,2017-06-19 01:00:00-04:00
72.97,73.1,72.34,72.38,390725,2017-06-20 01:00:00-04:00
72.42,72.53,71.54,71.62,373969,2017-06-21 01:00:00-04:00
71.55,71.71,71.1601,71.46,409634,2017-06-22 01:00:00-04:00
71.57,71.72,71.0,71.23,554951,2017-06-23 01:00:00-04:00
71.26,72.0366,71.23,71.96,320054,2017-06-26 01:00:00-04:00
72.04,72.34,71.52,71.92,377348,2017-06-27 01:00:00-04:00
72.37,72.93,71.98,72.55,318467,2017-06-28 01:00:00-04:00
72.94,73.19,72.0,72.42,502888,2017-06-29 01:00:00-04:00
72.89,72.92,72.165,72.45,687020,2017-06-30 01:00:00-04:00
72.94,74.35,72.94,73.1,0,2017-07-03 01:00:00-04:00
73.35,73.35,72.22,72.56,455144,2017-07-05 01:00:00-04:00
72.52,72.62,72.02,72.2,576309,2017-07-06 01:00:00-04:00
72.44,73.0501,72.13,72.66,520691,2017-07-07 01:00:00-04:00
72.51,72.67,72.11,72.15,534685,2017-07-10 01:00:00-04:00
72.11,72.26,71.6,71.84,387745,2017-07-11 01:00:00-04:00
71.88,72.0353,71.64,71.98,391462,2017-07-12 01:00:00-04:00
72.11,72.76,71.71,72.5,412643,2017-07-13 01:00:00-04:00
72.23,72.96,71.88,72.69,337501,2017-07-14 01:00:00-04:00
72.62,72.99,72.25,72.73,462151,2017-07-17 01:00:00-04:00
72.35,72.59,71.95,72.37,390026,2017-07-18 01:00:00-04:00
72.39,73.43,72.3,73.31,384709,2017-07-19 01:00:00-04:00
73.33,74.09,72.95,74.06,402718,2017-07-20 01:00:00-04:00
73.91,74.6,73.91,74.42,385213,2017-07-21 01:00:00-04:00
74.49,75.335,74.44,75.26,385116,2017-07-24 01:00:00-04:00
75.8,75.95,75.42,75.69,520747,2017-07-25 01:00:00-04:00
75.79,75.79,74.795,74.99,425668,2017-07-26 01:00:00-04:00
75.09,75.59,74.55,75.16,607627,2017-07-27 01:00:00-04:00
75.16,75.87,75.03,75.81,370945,2017-07-28 01:00:00-04:00
75.9,76.43,75.79,76.16,583750,2017-07-31 01:00:00-04:00
76.34,76.715,75.9,76.49,641462,2017-08-01 01:00:00-04:00
76.89,77.77,76.49,77.2,622549,2017-08-02 01:00:00-04:00
81.98,81.98,78.8,80.52,1043701,2017-08-03 01:00:00-04:00
80.62,81.14,80.0001,80.3,549473,2017-08-04 01:00:00-04:00
80.37,80.54,79.76,79.91,515483,2017-08-07 01:00:00-04:00
79.99,80.67,79.67,79.75,537115,2017-08-08 01:00:00-04:00
79.48,80.35,79.21,80.33,359592,2017-08-09 01:00:00-04:00
80.0,80.35,79.4,79.62,396918,2017-08-10 01:00:00-04:00
79.93,80.17,78.91,79.0,359665,2017-08-11 01:00:00-04:00
79.64,79.92,79.3801,79.53,499372,2017-08-14 01:00:00-04:00
79.75,79.82,79.18,79.44,405455,2017-08-15 01:00:00-04:00
79.4,79.84,79.02,79.11,417257,2017-08-16 01:00:00-04:00
79.03,79.17,77.56,77.65,462645,2017-08-17 01:00:00-04:00
77.46,77.95,76.78,77.34,684003,2017-08-18 01:00:00-04:00
77.44,77.44,76.55,76.98,689615,2017-08-21 01:00:00-04:00
77.24,77.59,76.81,77.47,596069,2017-08-22 01:00:00-04:00
77.04,77.33,76.77,76.85,366499,2017-08-23 01:00:00-04:00
76.97,77.14,76.35,76.43,381235,2017-08-24 01:00:00-04:00
76.77,77.64,76.7,77.46,331475,2017-08-25 01:00:00-04:00
77.59,77.6125,76.63,77.09,382507,2017-08-28 01:00:00-04:00
76.73,77.1,76.6,76.78,308435,2017-08-29 01:00:00-04:00
76.68,77.15,76.53,76.83,359106,2017-08-30 01:00:00-04:00
76.92,77.1,76.69,76.84,434854,2017-08-31 01:00:00-04:00
77.16,77.56,76.83,76.96,408401,2017-09-01 01:00:00-04:00
76.94,76.94,74.58,74.77,551849,2017-09-05 01:00:00-04:00
74.94,75.71,74.62,75.12,620317,2017-09-06 01:00:00-04:00
75.07,75.07,72.88,73.67,746230,2017-09-07 01:00:00-04:00
73.42,75.97,73.42,75.77,639908,2017-09-08 01:00:00-04:00
76.21,77.09,76.1,76.52,514004,2017-09-11 01:00:00-04:00
76.34,76.6899,76.0,76.65,393479,2017-09-12 01:00:00-04:00
76.5,76.61,75.83,75.94,504985,2017-09-13 01:00:00-04:00
75.87,76.0103,75.25,75.62,461772,2017-09-14 01:00:00-04:00
75.54,75.79,74.78,75.22,1390942,2017-09-15 01:00:00-04:00
75.52,76.29,75.02,76.08,707099,2017-09-18 01:00:00-04:00
76.3,76.45,75.85,76.04,407998,2017-09-19 01:00:00-04:00
76.12,76.4,75.8,76.33,308031,2017-09-20 01:00:00-04:00
75.96,76.35,75.1181,75.58,297107,2017-09-21 01:00:00-04:00
75.52,76.0,75.485,75.88,223041,2017-09-22 01:00:00-04:00
75.68,76.45,75.57,76.32,282366,2017-09-25 01:00:00-04:00
76.31,76.7,75.615,76.17,414223,2017-09-26 01:00:00-04:00
76.7,77.18,76.23,76.9,389020,2017-09-27 01:00:00-04:00
76.66,77.545,76.53,77.38,325395,2017-09-28 01:00:00-04:00
77.32,77.32,76.42,76.57,555038,2017-09-29 01:00:00-04:00
76.45,77.58,76.251,77.5,332613,2017-10-02 01:00:00-04:00
77.1,77.39,76.62,77.16,415712,2017-10-03 01:00:00-04:00
77.02,77.54,76.59,77.38,314484,2017-10-04 01:00:00-04:00
77.58,77.7638,77.04,77.39,333723,2017-10-05 01:00:00-04:00
77.54,77.73,76.45,76.7,561722,2017-10-06 01:00:00-04:00
76.86,76.995,76.25,76.36,302906,2017-10-09 01:00:00-04:00
76.26,77.19,76.26,77.12,319357,2017-10-10 01:00:00-04:00
77.07,77.23,76.63,76.94,344306,2017-10-11 01:00:00-04:00
76.79,76.8998,75.53,75.93,520584,2017-10-12 01:00:00-04:00
75.94,77.06,75.77,76.47,393623,2017-10-13 01:00:00-04:00
76.7,77.29,76.13,76.42,485186,2017-10-16 01:00:00-04:00
76.51,76.52,75.78,75.93,307960,2017-10-17 01:00:00-04:00
76.11,76.24,75.69,76.0,391155,2017-10-18 01:00:00-04:00
75.75,76.26,75.494,76.19,528767,2017-10-19 01:00:00-04:00
76.66,76.75,75.92,76.46,620218,2017-10-20 01:00:00-04:00
76.56,76.56,75.83,76.12,309434,2017-10-23 01:00:00-04:00
76.17,76.39,75.735,76.26,683157,2017-10-24 01:00:00-04:00
76.18,76.2075,75.28,75.75,372340,2017-10-25 01:00:00-04:00
75.99,76.505,75.42,76.02,416085,2017-10-26 01:00:00-04:00
74.96,76.08,70.5,71.03,1189936,2017-10-27 01:00:00-04:00
70.79,71.6,70.28,70.41,661326,2017-10-30 01:00:00-04:00
70.27,70.69,70.07,70.17,651166,2017-10-31 01:00:00-04:00
70.26,71.12,70.21,70.71,564987,2017-11-01 01:00:00-04:00
70.78,72.61,70.735,72.56,1020969,2017-11-02 01:00:00-04:00
72.46,72.92,71.77,72.57,813209,2017-11-03 01:00:00-04:00
72.34,73.67,72.06,73.27,527539,2017-11-06 01:00:00-05:00
73.06,74.07,72.4994,72.87,543045,2017-11-07 01:00:00-05:00
72.87,73.31,72.54,72.7,383235,2017-11-08 01:00:00-05:00
72.62,73.27,72.36,73.1,398869,2017-11-09 01:00:00-05:00
73.08,73.97,72.63,73.4,492579,2017-11-10 01:00:00-05:00
73.26,73.67,73.01,73.3,673956,2017-11-13 01:00:00-05:00
73.08,74.13,72.69,74.06,438559,2017-11-14 01:00:00-05:00
73.94,74.52,73.4,74.11,455903,2017-11-15 01:00:00-05:00
74.17,74.29,73.29,73.59,629969,2017-11-16 01:00:00-05:00
73.92,73.92,73.16,73.46,2572340,2017-11-17 01:00:00-05:00
73.49,73.75,73.15,73.43,569326,2017-11-20 01:00:00-05:00
73.76,73.96,73.375,73.46,451565,2017-11-21 01:00:00-05:00
73.31,73.31,72.51,72.66,439036,2017-11-22 01:00:00-05:00
72.67,72.73,72.36,72.51,188101,2017-11-24 01:00:00-05:00
72.73,73.58,72.541,73.41,420004,2017-11-27 01:00:00-05:00
73.41,74.32,73.13,74.25,483120,2017-11-28 01:00:00-05:00
74.25,75.36,74.1471,74.87,552822,2017-11-29 01:00:00-05:00
74.69,75.47,74.08,74.73,754311,2017-11-30 01:00:00-05:00
75.0,75.24,73.0,74.52,523292,2017-12-01 01:00:00-05:00
75.02,76.155,74.58,75.37,477811,2017-12-04 01:00:00-05:00
75.54,75.54,74.28,74.38,409536,2017-12-05 01:00:00-05:00
74.51,75.0566,74.33,74.46,342815,2017-12-06 01:00:00-05:00
74.29,74.76,74.03,74.16,409462,2017-12-07 01:00:00-05:00
74.17,74.44,73.85,74.4,342659,2017-12-08 01:00:00-05:00
74.38,74.59,73.98,74.56,350816,2017-12-11 01:00:00-05:00
74.44,74.8,74.4,74.52,378401,2017-12-12 01:00:00-05:00
74.6,74.6,73.37,73.68,641665,2017-12-13 01:00:00-05:00
73.83,74.02,72.55,72.65,470564,2017-12-14 01:00:00-05:00
72.76,74.53,72.69,74.28,1542319,2017-12-15 01:00:00-05:00
74.64,75.21,74.38,74.58,443273,2017-12-18 01:00:00-05:00
74.25,74.37,73.4,73.55,504959,2017-12-19 01:00:00-05:00
73.8,74.037,73.28,73.45,487910,2017-12-20 01:00:00-05:00
73.64,73.94,73.5,73.66,373656,2017-12-21 01:00:00-05:00
73.87,74.09,73.49,73.99,284968,2017-12-22 01:00:00-05:00
74.13,74.62,73.88,74.27,265782,2017-12-26 01:00:00-05:00
74.42,74.77,74.03,74.55,223221,2017-12-27 01:00:00-05:00
74.55,75.11,73.14,75.08,341164,2017-12-28 01:00:00-05:00
75.31,75.54,74.9067,74.97,394207,2017-12-29 01:00:00-05:00
75.37,75.55,72.54,73.08,645367,2018-01-02 01:00:00-05:00
73.07,73.24,72.34,72.79,534018,2018-01-03 01:00:00-05:00
72.7,73.79,72.58,73.62,622416,2018-01-04 01:00:00-05:00
73.8,74.08,73.4,74.0,431484,2018-01-05 01:00:00-05:00
73.82,74.03,73.29,73.67,468600,2018-01-08 01:00:00-05:00
73.76,74.61,73.11,73.21,679548,2018-01-09 01:00:00-05:00
73.11,73.6108,72.15,72.19,549938,2018-01-10 01:00:00-05:00
72.29,72.965,72.18,72.77,551019,2018-01-11 01:00:00-05:00
72.96,74.15,72.63,74.03,399467,2018-01-12 01:00:00-05:00
74.27,74.62,73.85,74.2,634081,2018-01-16 01:00:00-05:00
74.6,75.29,74.51,75.06,453505,2018-01-17 01:00:00-05:00
74.91,75.3,74.76,74.86,401895,2018-01-18 01:00:00-05:00
75.1,75.6,74.69,75.16,443868,2018-01-19 01:00:00-05:00
75.32,76.105,75.2601,75.93,440684,2018-01-22 01:00:00-05:00
75.88,77.52,75.88,77.01,754296,2018-01-23 01:00:00-05:00
77.87,78.04,76.98,77.24,557969,2018-01-24 01:00:00-05:00
77.27,77.65,76.82,77.22,404074,2018-01-25 01:00:00-05:00
77.48,77.8,77.13,77.51,476447,2018-01-26 01:00:00-05:00
77.49,77.633,76.51,76.59,461420,2018-01-29 01:00:00-05:00
76.47,77.5,76.29,76.39,479086,2018-01-30 01:00:00-05:00
76.52,77.53,76.15,76.9,1092765,2018-01-31 01:00:00-05:00
76.63,77.28,76.31,77.17,809897,2018-02-01 01:00:00-05:00
76.95,77.68,76.31,76.38,459841,2018-02-02 01:00:00-05:00
75.93,76.4,73.08,73.39,965860,2018-02-05 01:00:00-05:00
72.35,73.13,69.98,72.6,1152987,2018-02-06 01:00:00-05:00
72.27,73.84,72.27,72.63,1037517,2018-02-07 01:00:00-05:00
73.6,74.06,70.29,70.34,1029207,2018-02-08 01:00:00-05:00
71.11,72.52,69.865,72.14,1332743,2018-02-09 01:00:00-05:00
72.71,75.22,72.0243,74.31,1071362,2018-02-12 01:00:00-05:00
73.81,74.35,73.26,73.97,888329,2018-02-13 01:00:00-05:00
73.71,75.67,72.591,75.57,573985,2018-02-14 01:00:00-05:00
75.86,76.37,75.37,76.19,502777,2018-02-15 01:00:00-05:00
75.96,77.46,75.93,77.19,538827,2018-02-16 01:00:00-05:00
76.85,77.2,75.361,75.69,377126,2018-02-20 01:00:00-05:00
75.78,76.82,75.51,75.54,416195,2018-02-21 01:00:00-05:00
75.65,76.8,74.76,74.92,396993,2018-02-22 01:00:00-05:00
75.2,75.83,74.65,75.8,341393,2018-02-23 01:00:00-05:00
76.0,77.29,75.52,77.26,456466,2018-02-26 01:00:00-05:00
77.08,77.8,75.87,75.88,595289,2018-02-27 01:00:00-05:00
76.21,76.75,74.59,74.59,530458,2018-02-28 01:00:00-05:00
74.8,75.35,73.0,73.34,478941,2018-03-01 01:00:00-05:00
72.4,74.8,72.33,74.61,768601,2018-03-02 01:00:00-05:00
74.4,76.27,74.171,75.89,505538,2018-03-05 01:00:00-05:00
76.01,76.11,75.15,76.04,415326,2018-03-06 01:00:00-05:00
75.34,76.06,75.31,75.72,577759,2018-03-07 01:00:00-05:00
75.71,75.8599,74.7,75.26,490292,2018-03-08 01:00:00-05:00
75.7,77.12,74.96,77.04,552475,2018-03-09 01:00:00-05:00
77.05,77.05,74.6195,75.24,553967,2018-03-12 01:00:00-04:00
75.66,75.88,74.84,75.08,499259,2018-03-13 01:00:00-04:00
75.47,75.47,73.74,74.05,523351,2018-03-14 01:00:00-04:00
74.32,74.87,73.9,74.3,749645,2018-03-15 01:00:00-04:00
74.38,75.64,74.3,75.13,2494046,2018-03-16 01:00:00-04:00
74.78,75.52,74.64,75.11,687113,2018-03-19 01:00:00-04:00
74.79,75.81,74.54,75.4,568716,2018-03-20 01:00:00-04:00
75.58,76.05,75.26,75.55,535001,2018-03-21 01:00:00-04:00
74.89,75.36,73.39,73.44,535053,2018-03-22 01:00:00-04:00
73.82,75.218,71.48,71.61,533668,2018-03-23 01:00:00-04:00
72.43,73.31,71.75,73.14,625222,2018-03-26 01:00:00-04:00
73.35,74.16,72.72,73.13,504017,2018-03-27 01:00:00-04:00
73.28,74.42,72.89,73.86,549414,2018-03-28 01:00:00-04:00
74.43,74.95,73.16,74.26,434564,2018-03-29 01:00:00-04:00
74.06,74.28,71.21,72.37,500491,2018-04-02 01:00:00-04:00
72.81,73.9,72.68,73.49,504777,2018-04-03 01:00:00-04:00
72.81,74.08,72.48,73.9,530395,2018-04-04 01:00:00-04:00
74.16,74.73,73.835,74.35,543286,2018-04-05 01:00:00-04:00
73.82,74.68,72.64,73.0,743838,2018-04-06 01:00:00-04:00
73.23,73.83,72.49,72.77,481842,2018-04-09 01:00:00-04:00
73.37,74.08,73.19,73.41,412568,2018-04-10 01:00:00-04:00
73.05,75.0,72.89,73.41,329103,2018-04-11 01:00:00-04:00
73.91,74.39,73.74,73.98,246806,2018-04-12 01:00:00-04:00
74.47,74.52,73.16,73.53,358748,2018-04-13 01:00:00-04:00
74.09,75.06,73.32,74.74,537800,2018-04-16 01:00:00-04:00
75.39,75.63,74.39,74.49,406057,2018-04-17 01:00:00-04:00
74.73,75.18,74.25,74.56,351798,2018-04-18 01:00:00-04:00
74.54,75.37,73.78,75.04,299880,2018-04-19 01:00:00-04:00
75.33,75.66,74.77,75.27,390590,2018-04-20 01:00:00-04:00
75.59,75.75,74.79,75.72,394462,2018-04-23 01:00:00-04:00
75.93,75.96,74.47,74.95,433685,2018-04-24 01:00:00-04:00
75.03,75.2436,73.96,74.82,450252,2018-04-25 01:00:00-04:00
72.58,74.5673,70.29,71.44,1479387,2018-04-26 01:00:00-04:00
71.24,71.85,70.78,71.45,722432,2018-04-27 01:00:00-04:00
71.61,71.94,70.33,70.34,1135701,2018-04-30 01:00:00-04:00
70.22,71.28,70.01,71.18,652940,2018-05-01 01:00:00-04:00
70.9876,71.13,69.58,69.71,881928,2018-05-02 01:00:00-04:00
69.45,70.045,68.33,69.35,744275,2018-05-03 01:00:00-04:00
68.94,70.669,68.62,70.01,606388,2018-05-04 01:00:00-04:00
70.16,70.809,69.59,69.8,486438,2018-05-07 01:00:00-04:00
69.82,70.26,69.55,70.18,544453,2018-05-08 01:00:00-04:00
70.51,71.41,70.23,71.21,546565,2018-05-09 01:00:00-04:00
71.35,72.19,70.95,71.89,570835,2018-05-10 01:00:00-04:00
71.92,72.33,71.225,71.88,353237,2018-05-11 01:00:00-04:00
72.06,72.06,70.46,70.56,514888,2018-05-14 01:00:00-04:00
70.4,71.17,70.37,70.89,457282,2018-05-15 01:00:00-04:00
70.99,71.3199,70.6,70.76,390451,2018-05-16 01:00:00-04:00
70.85,70.99,70.51,70.89,303968,2018-05-17 01:00:00-04:00
70.93,71.105,70.5,70.73,324534,2018-05-18 01:00:00-04:00
71.07,71.4519,70.7,71.29,574981,2018-05-21 01:00:00-04:00
71.42,71.89,71.22,71.45,259659,2018-05-22 01:00:00-04:00
71.23,71.45,70.48,70.88,292497,2018-05-23 01:00:00-04:00
70.68,70.759,70.01,70.43,661127,2018-05-24 01:00:00-04:00
70.45,70.72,70.14,70.42,309030,2018-05-25 01:00:00-04:00
69.91,69.93,68.281,68.51,606272,2018-05-29 01:00:00-04:00
68.95,70.49,68.86,70.1,442677,2018-05-30 01:00:00-04:00
70.06,70.06,68.65,69.37,973290,2018-05-31 01:00:00-04:00
69.97,70.77,69.895,70.18,572473,2018-06-01 01:00:00-04:00
70.2,70.65,70.14,70.24,392680,2018-06-04 01:00:00-04:00
70.21,70.22,69.12,70.0,516436,2018-06-05 01:00:00-04:00
70.18,70.61,69.69,70.39,344314,2018-06-06 01:00:00-04:00
70.63,70.85,69.94,70.77,291254,2018-06-07 01:00:00-04:00
70.78,71.36,70.55,71.28,527919,2018-06-08 01:00:00-04:00
71.47,71.47,70.26,70.53,281650,2018-06-11 01:00:00-04:00
70.45,70.64,69.415,70.06,494059,2018-06-12 01:00:00-04:00
70.29,70.53,69.47,69.67,430450,2018-06-13 01:00:00-04:00
69.93,69.93,68.88,68.92,406788,2018-06-14 01:00:00-04:00
68.65,69.11,68.15,68.99,1111164,2018-06-15 01:00:00-04:00
68.83,69.05,68.11,69.0,524729,2018-06-18 01:00:00-04:00
68.28,68.96,68.28,68.76,483375,2018-06-19 01:00:00-04:00
68.99,68.99,68.43,68.49,530743,2018-06-20 01:00:00-04:00
68.47,68.6333,67.59,67.77,371119,2018-06-21 01:00:00-04:00
68.22,68.6,67.93,68.34,837768,2018-06-22 01:00:00-04:00
68.25,68.85,67.82,68.22,452423,2018-06-25 01:00:00-04:00
68.35,68.505,67.055,67.14,671783,2018-06-26 01:00:00-04:00
67.16,67.65,66.33,66.33,483901,2018-06-27 01:00:00-04:00
66.37,67.4,66.33,67.16,272241,2018-06-28 01:00:00-04:00
67.44,68.01,66.59,66.86,612560,2018-06-29 01:00:00-04:00
66.58,67.94,66.56,66.98,377979,2018-07-02 01:00:00-04:00
67.15,67.88,67.15,67.36,199591,2018-07-03 01:00:00-04:00
67.61,67.61,67.0,67.5,378566,2018-07-05 01:00:00-04:00
67.53,68.68,67.41,68.34,441215,2018-07-06 01:00:00-04:00
68.6,69.85,68.6,69.79,606813,2018-07-09 01:00:00-04:00
69.87,69.98,69.09,69.88,575326,2018-07-10 01:00:00-04:00
68.39,70.1,68.39,69.79,314445,2018-07-11 01:00:00-04:00
70.31,70.31,69.531,69.64,355821,2018-07-12 01:00:00-04:00
69.26,69.83,69.05,69.61,377806,2018-07-13 01:00:00-04:00
69.75,70.56,69.68,70.54,357936,2018-07-16 01:00:00-04:00
70.71,70.83,70.363,70.55,324345,2018-07-17 01:00:00-04:00
70.59,71.47,70.52,71.3,404072,2018-07-18 01:00:00-04:00
71.18,71.32,70.15,70.26,499269,2018-07-19 01:00:00-04:00
69.97,70.82,69.83,70.7,419442,2018-07-20 01:00:00-04:00
70.85,71.07,70.37,70.89,381966,2018-07-23 01:00:00-04:00
71.14,71.25,70.4,70.74,506345,2018-07-24 01:00:00-04:00
70.74,71.48,70.08,71.3,616390,2018-07-25 01:00:00-04:00
71.44,72.55,70.55,72.3,638545,2018-07-26 01:00:00-04:00
75.0,77.01,73.84,74.44,1305102,2018-07-27 01:00:00-04:00
74.56,76.1,74.475,75.4,722709,2018-07-30 01:00:00-04:00
75.79,76.0,74.8661,75.63,2398552,2018-07-31 01:00:00-04:00
75.59,76.08,74.9,75.25,598843,2018-08-01 01:00:00-04:00
75.0,75.61,74.28,75.25,431579,2018-08-02 01:00:00-04:00
75.29,75.6,74.9,75.54,333060,2018-08-03 01:00:00-04:00
75.53,76.26,75.4,75.96,370222,2018-08-06 01:00:00-04:00
75.0,75.61,74.885,75.05,595463,2018-08-07 01:00:00-04:00
75.1,75.27,74.38,75.08,286553,2018-08-08 01:00:00-04:00
75.21,75.5,74.85,75.0,365699,2018-08-09 01:00:00-04:00
74.43,74.71,73.89,74.39,422088,2018-08-10 01:00:00-04:00
74.43,74.64,73.59,73.69,386743,2018-08-13 01:00:00-04:00
73.82,74.59,73.64,74.31,350484,2018-08-14 01:00:00-04:00
73.9,74.67,73.72,74.44,245691,2018-08-15 01:00:00-04:00
74.68,75.77,74.68,75.29,287281,2018-08-16 01:00:00-04:00
75.38,75.91,75.31,75.75,305521,2018-08-17 01:00:00-04:00
75.95,76.47,75.74,76.14,413575,2018-08-20 01:00:00-04:00
76.15,76.53,76.03,76.43,286921,2018-08-21 01:00:00-04:00
76.42,76.49,75.87,76.02,275285,2018-08-22 01:00:00-04:00
68.12,76.18,75.5,76.15,325348,2018-08-23 01:00:00-04:00
76.53,76.57,76.1101,76.49,259114,2018-08-24 01:00:00-04:00
76.8,77.21,76.42,76.85,333899,2018-08-27 01:00:00-04:00
76.96,77.18,76.585,76.79,428571,2018-08-28 01:00:00-04:00
76.82,77.27,76.42,76.71,306909,2018-08-29 01:00:00-04:00
76.79,76.815,76.155,76.32,318295,2018-08-30 01:00:00-04:00
76.31,76.88,75.99,76.67,453097,2018-08-31 01:00:00-04:00
76.49,77.31,76.4,77.18,285400,2018-09-04 01:00:00-04:00
76.82,77.83,76.82,77.45,389477,2018-09-05 01:00:00-04:00
77.53,77.99,77.19,77.64,304838,2018-09-06 01:00:00-04:00
77.71,77.8887,77.03,77.16,413407,2018-09-07 01:00:00-04:00
77.51,77.58,76.965,77.03,373122,2018-09-10 01:00:00-04:00
76.98,77.19,76.38,76.8,381772,2018-09-11 01:00:00-04:00
76.8,76.935,75.85,75.97,330105,2018-09-12 01:00:00-04:00
76.32,76.94,76.1,76.9,358359,2018-09-13 01:00:00-04:00
76.97,77.82,76.83,77.77,283507,2018-09-14 01:00:00-04:00
77.9,77.9,77.22,77.84,311824,2018-09-17 01:00:00-04:00
77.47,78.05,76.94,77.98,429782,2018-09-18 01:00:00-04:00
78.18,78.97,77.68,78.58,467004,2018-09-19 01:00:00-04:00
78.9,79.24,78.39,78.97,452118,2018-09-20 01:00:00-04:00
79.25,79.6719,78.8,79.03,1432466,2018-09-21 01:00:00-04:00
78.79,78.86,77.37,77.41,526004,2018-09-24 01:00:00-04:00
77.77,77.82,77.06,77.23,341292,2018-09-25 01:00:00-04:00
77.43,77.43,76.48,76.6,350163,2018-09-26 01:00:00-04:00
76.79,77.01,76.415,76.52,341517,2018-09-27 01:00:00-04:00
76.26,76.9,76.0892,76.81,542369,2018-09-28 01:00:00-04:00
77.11,77.22,75.13,75.37,509758,2018-10-01 01:00:00-04:00
75.38,76.12,75.03,76.08,413349,2018-10-02 01:00:00-04:00
76.47,76.47,75.58,75.85,717409,2018-10-03 01:00:00-04:00
75.93,76.585,75.75,76.5,396412,2018-10-04 01:00:00-04:00
76.65,77.08,76.3149,76.68,338684,2018-10-05 01:00:00-04:00
76.59,77.96,76.57,77.61,349440,2018-10-08 01:00:00-04:00
77.58,78.26,77.18,78.03,305732,2018-10-09 01:00:00-04:00
78.03,78.38,76.24,76.33,634976,2018-10-10 01:00:00-04:00
76.28,76.31,72.93,72.96,907058,2018-10-11 01:00:00-04:00
74.09,74.09,71.3,72.33,927976,2018-10-12 01:00:00-04:00
72.36,73.22,72.03,72.16,578575,2018-10-15 01:00:00-04:00
73.0,74.4,72.285,74.29,768293,2018-10-16 01:00:00-04:00
74.11,75.9,74.04,75.75,745216,2018-10-17 01:00:00-04:00
75.63,76.35,75.34,75.68,554448,2018-10-18 01:00:00-04:00
75.56,76.72,75.3037,76.31,530709,2018-10-19 01:00:00-04:00
76.59,76.85,74.86,75.09,463718,2018-10-22 01:00:00-04:00
74.47,74.6799,73.39,73.91,898084,2018-10-23 01:00:00-04:00
73.99,73.99,71.26,71.39,807698,2018-10-24 01:00:00-04:00
71.65,72.37,71.01,71.75,1121594,2018-10-25 01:00:00-04:00
74.01,77.04,71.78,76.5,1545196,2018-10-26 01:00:00-04:00
77.42,79.16,76.12,76.8,1097618,2018-10-29 01:00:00-04:00
77.21,78.47,76.395,78.37,692269,2018-10-30 01:00:00-04:00
78.52,79.7,78.24,78.64,1649406,2018-10-31 01:00:00-04:00
78.47,79.01,77.58,78.43,906176,2018-11-01 01:00:00-04:00
78.94,79.69,77.42,78.05,582714,2018-11-02 01:00:00-04:00
78.43,79.62,78.08,79.18,640863,2018-11-05 01:00:00-05:00
79.22,80.27,78.98,80.16,588956,2018-11-06 01:00:00-05:00
80.46,80.82,79.58,80.78,553608,2018-11-07 01:00:00-05:00
80.69,81.45,80.42,81.4,447466,2018-11-08 01:00:00-05:00
81.3,81.92,80.99,81.32,510230,2018-11-09 01:00:00-05:00
81.43,81.96,80.1,80.27,382219,2018-11-12 01:00:00-05:00
80.72,81.68,80.37,80.96,439690,2018-11-13 01:00:00-05:00
81.19,81.39,78.65,78.99,650782,2018-11-14 01:00:00-05:00
78.73,79.76,77.85,79.45,1072899,2018-11-15 01:00:00-05:00
79.07,80.35,78.32,80.25,2359537,2018-11-16 01:00:00-05:00
80.15,81.05,80.08,80.71,908137,2018-11-19 01:00:00-05:00
80.41,80.5,79.43,79.79,824536,2018-11-20 01:00:00-05:00
80.02,80.5,79.31,79.54,355254,2018-11-21 01:00:00-05:00
79.23,79.73,78.72,78.81,170234,2018-11-23 01:00:00-05:00
79.35,80.085,79.35,79.96,514364,2018-11-26 01:00:00-05:00
79.7,80.1,79.23,79.97,619604,2018-11-27 01:00:00-05:00
80.27,81.7,79.79,81.55,824587,2018-11-28 01:00:00-05:00
81.19,82.08,81.0,81.48,346207,2018-11-29 01:00:00-05:00
81.54,82.14,81.12,81.73,723945,2018-11-30 01:00:00-05:00
82.51,82.86,81.07,82.64,723419,2018-12-03 01:00:00-05:00
82.41,82.74,81.24,81.51,955045,2018-12-04 01:00:00-05:00
80.56,80.8,78.61,80.55,744875,2018-12-06 01:00:00-05:00
80.68,81.36,79.61,80.14,473994,2018-12-07 01:00:00-05:00
80.16,80.24,77.94,79.39,499129,2018-12-10 01:00:00-05:00
80.25,80.4165,78.84,79.14,376552,2018-12-11 01:00:00-05:00
79.82,80.52,79.32,79.71,362884,2018-12-12 01:00:00-05:00
79.78,80.55,78.93,79.7,469755,2018-12-13 01:00:00-05:00
79.34,79.76,78.93,79.41,462343,2018-12-14 01:00:00-05:00
79.21,79.4,76.98,77.26,869382,2018-12-17 01:00:00-05:00
77.3,77.54,75.85,76.56,661535,2018-12-18 01:00:00-05:00
76.71,78.45,76.22,76.39,779478,2018-12-19 01:00:00-05:00
76.23,76.52,75.2,75.84,501233,2018-12-20 01:00:00-05:00
75.46,77.88,75.37,75.63,1998751,2018-12-21 01:00:00-05:00
75.57,75.57,72.11,72.15,446258,2018-12-24 01:00:00-05:00
72.49,75.43,71.21,75.39,837747,2018-12-26 01:00:00-05:00
74.47,76.6,73.8,76.54,627237,2018-12-27 01:00:00-05:00
77.05,77.5,76.1803,76.61,575661,2018-12-28 01:00:00-05:00
77.04,77.45,76.5,77.42,582285,2018-12-31 01:00:00-05:00
76.6,76.65,75.19,75.62,671025,2019-01-02 01:00:00-05:00
75.42,76.0,74.26,74.4,525744,2019-01-03 01:00:00-05:00
75.39,76.22,75.26,75.89,483632,2019-01-04 01:00:00-05:00
75.68,76.52,75.355,75.55,469952,2019-01-07 01:00:00-05:00
76.04,76.05,74.26,75.48,653663,2019-01-08 01:00:00-05:00
75.91,76.29,75.35,76.24,672474,2019-01-09 01:00:00-05:00
76.11,77.36,74.81,77.3,479407,2019-01-10 01:00:00-05:00
76.98,77.53,76.6715,77.05,421094,2019-01-11 01:00:00-05:00
76.56,77.71,76.51,77.6,553518,2019-01-14 01:00:00-05:00
77.8,78.14,77.195,77.64,519940,2019-01-15 01:00:00-05:00
78.12,78.22,77.08,77.94,738580,2019-01-16 01:00:00-05:00
77.56,78.21,77.55,78.18,557973,2019-01-17 01:00:00-05:00
78.63,80.41,78.16,80.35,1396449,2019-01-18 01:00:00-05:00
80.05,81.11,79.08,79.5,842644,2019-01-22 01:00:00-05:00
79.36,79.9,78.615,79.66,324184,2019-01-23 01:00:00-05:00
79.33,79.6,78.47,79.12,431794,2019-01-24 01:00:00-05:00
79.72,80.13,79.11,79.35,642867,2019-01-25 01:00:00-05:00
79.05,79.3527,78.14,78.99,457674,2019-01-28 01:00:00-05:00
79.15,79.48,78.57,79.39,628060,2019-01-29 01:00:00-05:00
79.69,80.57,78.9,80.19,718792,2019-01-30 01:00:00-05:00
79.88,81.425,79.69,81.12,3190486,2019-01-31 01:00:00-05:00
81.17,81.62,80.31,81.56,751469,2019-02-01 01:00:00-05:00
81.52,82.48,80.96,82.47,766627,2019-02-04 01:00:00-05:00
82.54,82.62,81.68,82.58,761629,2019-02-05 01:00:00-05:00
82.52,82.56,81.25,81.85,936603,2019-02-06 01:00:00-05:00
80.53,85.91,78.75,84.3,1461361,2019-02-07 01:00:00-05:00
83.82,84.05,83.1,84.02,895616,2019-02-08 01:00:00-05:00
84.3,84.45,83.22,84.06,957370,2019-02-11 01:00:00-05:00
84.59,85.12,84.42,84.72,605076,2019-02-12 01:00:00-05:00
85.03,85.54,84.04,84.5,582689,2019-02-13 01:00:00-05:00
84.12,84.55,83.58,83.99,524098,2019-02-14 01:00:00-05:00
84.5,85.52,84.25,85.48,665609,2019-02-15 01:00:00-05:00
85.39,85.78,84.97,85.61,632727,2019-02-19 01:00:00-05:00
85.77,85.99,85.51,85.95,530046,2019-02-20 01:00:00-05:00
86.07,86.15,85.19,85.54,672572,2019-02-21 01:00:00-05:00
85.84,86.21,85.4,86.12,573889,2019-02-22 01:00:00-05:00
86.35,86.86,85.68,85.86,571616,2019-02-25 01:00:00-05:00
85.74,86.15,85.49,85.61,599224,2019-02-26 01:00:00-05:00
85.62,86.48,85.42,85.99,719192,2019-02-27 01:00:00-05:00
86.29,87.16,85.835,86.82,1059285,2019-02-28 01:00:00-05:00
87.35,87.46,86.74,86.99,572197,2019-03-01 01:00:00-05:00
87.17,87.28,85.25,85.8,864371,2019-03-04 01:00:00-05:00
85.98,86.46,85.34,85.56,421882,2019-03-05 01:00:00-05:00
85.51,85.83,84.65,84.76,461135,2019-03-06 01:00:00-05:00
84.77,84.84,84.07,84.59,571105,2019-03-07 01:00:00-05:00
84.11,84.57,83.0,84.49,416294,2019-03-08 01:00:00-05:00
84.72,85.62,84.72,85.45,577733,2019-03-11 01:00:00-04:00
85.6,85.8499,85.42,85.69,577211,2019-03-12 01:00:00-04:00
85.75,86.02,85.0,85.04,619767,2019-03-13 01:00:00-04:00
85.1,85.52,84.64,85.32,508384,2019-03-14 01:00:00-04:00
85.33,86.38,85.125,85.62,2022363,2019-03-15 01:00:00-04:00
85.74,86.23,85.51,85.92,524800,2019-03-18 01:00:00-04:00
85.79,85.79,84.18,84.58,647391,2019-03-19 01:00:00-04:00
84.66,85.32,83.88,84.03,562565,2019-03-20 01:00:00-04:00
83.7,85.12,83.58,84.91,384246,2019-03-21 01:00:00-04:00
84.49,85.43,84.49,84.64,541181,2019-03-22 01:00:00-04:00
84.74,85.45,84.23,84.66,406585,2019-03-25 01:00:00-04:00
85.08,85.33,84.51,85.04,489651,2019-03-26 01:00:00-04:00
85.26,85.69,84.8,85.37,398181,2019-03-27 01:00:00-04:00
85.53,85.88,84.6601,85.44,364123,2019-03-28 01:00:00-04:00
85.93,86.0,85.42,85.9,532237,2019-03-29 01:00:00-04:00
86.35,86.75,85.71,86.31,526688,2019-04-01 01:00:00-04:00
86.31,86.52,85.37,85.52,423023,2019-04-02 01:00:00-04:00
85.89,85.89,84.82,85.47,571050,2019-04-03 01:00:00-04:00
85.53,85.91,85.28,85.65,358055,2019-04-04 01:00:00-04:00
85.75,86.39,85.545,86.22,505577,2019-04-05 01:00:00-04:00
86.27,86.27,85.22,85.66,304099,2019-04-08 01:00:00-04:00
85.46,85.61,84.9,85.08,369571,2019-04-09 01:00:00-04:00
85.25,86.1,85.08,86.05,346998,2019-04-10 01:00:00-04:00
86.21,86.95,86.1155,86.87,328209,2019-04-11 01:00:00-04:00
87.19,87.52,86.9,87.49,505917,2019-04-12 01:00:00-04:00
87.41,87.645,86.98,87.13,443248,2019-04-15 01:00:00-04:00
87.33,87.77,87.31,87.72,412300,2019-04-16 01:00:00-04:00
87.7,87.7,86.34,86.47,526827,2019-04-17 01:00:00-04:00
86.57,87.01,86.33,86.6,1090417,2019-04-18 01:00:00-04:00
86.28,86.44,85.56,85.97,427801,2019-04-22 01:00:00-04:00
86.2,87.03,85.96,86.96,663003,2019-04-23 01:00:00-04:00
87.01,87.97,86.87,87.69,547657,2019-04-24 01:00:00-04:00
87.4,93.73,86.995,93.57,1426736,2019-04-25 01:00:00-04:00
93.71,94.44,92.8,94.19,916688,2019-04-26 01:00:00-04:00
94.34,95.31,94.14,94.99,657698,2019-04-29 01:00:00-04:00
95.02,96.31,94.73,96.18,880297,2019-04-30 01:00:00-04:00
96.48,96.48,95.11,95.22,586821,2019-05-01 01:00:00-04:00
95.31,96.13,95.02,95.95,751992,2019-05-02 01:00:00-04:00
96.02,96.37,95.33,96.07,474590,2019-05-03 01:00:00-04:00
95.07,96.23,95.07,96.15,402033,2019-05-06 01:00:00-04:00
95.56,95.975,94.46,95.01,527813,2019-05-07 01:00:00-04:00
95.05,96.25,94.4,95.16,547339,2019-05-08 01:00:00-04:00
94.63,95.53,94.47,95.09,555839,2019-05-09 01:00:00-04:00
94.62,96.49,94.3515,96.41,449105,2019-05-10 01:00:00-04:00
95.12,95.79,94.71,95.22,710506,2019-05-13 01:00:00-04:00
95.11,95.92,95.0455,95.74,1621341,2019-05-14 01:00:00-04:00
95.2,96.77,95.15,96.42,858011,2019-05-15 01:00:00-04:00
96.62,97.5,96.42,97.15,899384,2019-05-16 01:00:00-04:00
97.45,98.28,97.15,97.73,970339,2019-05-17 01:00:00-04:00
97.62,98.5,97.56,98.09,956754,2019-05-20 01:00:00-04:00
98.39,99.31,98.37,99.23,890136,2019-05-21 01:00:00-04:00
99.14,100.0,98.94,99.64,754067,2019-05-22 01:00:00-04:00
99.05,99.27,98.26,99.22,668572,2019-05-23 01:00:00-04:00
99.69,99.76,99.13,99.69,435246,2019-05-24 01:00:00-04:00
99.65,100.0799,98.82,98.85,1177120,2019-05-28 01:00:00-04:00
98.43,99.1,97.778,98.49,701612,2019-05-29 01:00:00-04:00
98.6,99.19,98.21,98.39,456204,2019-05-30 01:00:00-04:00
97.82,98.77,97.4152,98.24,692797,2019-05-31 01:00:00-04:00
98.51,99.67,98.01,99.57,960198,2019-06-03 01:00:00-04:00
100.04,100.15,99.075,99.75,929045,2019-06-04 01:00:00-04:00
99.82,101.7,99.72,101.6,1241527,2019-06-05 01:00:00-04:00
101.65,102.27,101.2056,101.71,811487,2019-06-06 01:00:00-04:00
101.97,103.15,101.5352,102.64,805612,2019-06-07 01:00:00-04:00
102.89,102.99,102.396,102.58,948886,2019-06-10 01:00:00-04:00
102.57,103.15,101.66,102.0,961528,2019-06-11 01:00:00-04:00
102.0,103.04,102.0,102.98,487523,2019-06-12 01:00:00-04:00
103.11,103.41,102.315,102.65,1991547,2019-06-13 01:00:00-04:00
102.83,103.72,102.3,103.54,505649,2019-06-14 01:00:00-04:00
103.38,104.3,103.38,103.86,854810,2019-06-17 01:00:00-04:00
104.33,104.43,103.4,103.9,697929,2019-06-18 01:00:00-04:00
103.83,105.025,103.76,104.84,420355,2019-06-19 01:00:00-04:00
104.85,106.13,104.85,105.94,898813,2019-06-20 01:00:00-04:00
105.99,106.3995,104.42,104.59,1328199,2019-06-21 01:00:00-04:00
104.97,105.67,104.83,105.02,846643,2019-06-24 01:00:00-04:00
105.02,105.55,104.85,105.04,363143,2019-06-25 01:00:00-04:00
104.64,104.99,102.2,102.25,725851,2019-06-26 01:00:00-04:00
102.14,102.96,101.55,102.84,691671,2019-06-27 01:00:00-04:00
103.11,103.75,102.88,103.67,814766,2019-06-28 01:00:00-04:00
104.53,105.36,103.47,105.13,625593,2019-07-01 01:00:00-04:00
104.99,105.87,104.89,105.41,923838,2019-07-02 01:00:00-04:00
105.8,107.76,105.75,107.61,590864,2019-07-03 01:00:00-04:00
107.27,108.18,106.46,107.83,484955,2019-07-05 01:00:00-04:00
107.47,108.34,107.23,107.38,761982,2019-07-08 01:00:00-04:00
106.94,107.7,106.49,107.5,827489,2019-07-09 01:00:00-04:00
107.5,108.5,106.74,107.07,943040,2019-07-10 01:00:00-04:00
107.13,107.13,105.73,106.81,680920,2019-07-11 01:00:00-04:00
107.32,107.76,106.33,107.68,537600,2019-07-12 01:00:00-04:00
107.88,108.36,107.21,107.82,569315,2019-07-15 01:00:00-04:00
108.08,108.89,107.9996,108.67,645663,2019-07-16 01:00:00-04:00
108.66,108.66,106.81,107.05,558119,2019-07-17 01:00:00-04:00
106.99,107.64,106.51,107.45,615548,2019-07-18 01:00:00-04:00
107.72,107.92,106.73,106.74,626726,2019-07-19 01:00:00-04:00
106.62,107.08,106.04,106.43,416201,2019-07-22 01:00:00-04:00
106.38,106.72,105.16,106.5,571969,2019-07-23 01:00:00-04:00
106.42,107.33,105.85,107.26,598721,2019-07-24 01:00:00-04:00
107.44,107.85,106.54,107.19,588333,2019-07-25 01:00:00-04:00
107.4,107.86,106.49,107.83,550081,2019-07-26 01:00:00-04:00
108.06,108.11,105.795,106.26,722582,2019-07-29 01:00:00-04:00
105.53,106.6,105.455,105.87,662182,2019-07-30 01:00:00-04:00
106.09,109.18,105.49,107.33,2421873,2019-07-31 01:00:00-04:00
107.17,108.2,106.11,106.29,697325,2019-08-01 01:00:00-04:00
106.4,106.96,105.77,106.25,744162,2019-08-02 01:00:00-04:00
105.84,106.11,103.21,103.8,922544,2019-08-05 01:00:00-04:00
104.39,107.05,103.68,106.99,915693,2019-08-06 01:00:00-04:00
105.95,108.27,104.75,107.36,801282,2019-08-07 01:00:00-04:00
107.92,109.89,107.7,109.74,487135,2019-08-08 01:00:00-04:00
109.81,110.46,108.76,109.97,423760,2019-08-09 01:00:00-04:00
109.34,110.7,108.44,108.66,505507,2019-08-12 01:00:00-04:00
108.24,110.87,107.785,110.71,793811,2019-08-13 01:00:00-04:00
109.83,110.33,106.85,106.94,611676,2019-08-14 01:00:00-04:00
107.18,108.895,107.035,108.58,477843,2019-08-15 01:00:00-04:00
109.18,110.12,108.59,109.7,638236,2019-08-16 01:00:00-04:00
111.04,111.04,109.93,110.55,531619,2019-08-19 01:00:00-04:00
110.33,111.0,109.39,109.43,418282,2019-08-20 01:00:00-04:00
110.36,110.55,109.52,110.48,326071,2019-08-21 01:00:00-04:00
110.5,111.32,109.84,111.03,403447,2019-08-22 01:00:00-04:00
110.73,111.7,107.48,108.23,543590,2019-08-23 01:00:00-04:00
109.35,110.34,108.42,110.33,588995,2019-08-26 01:00:00-04:00
110.8,111.115,109.84,110.39,653177,2019-08-27 01:00:00-04:00
109.84,111.33,109.18,111.1,741842,2019-08-28 01:00:00-04:00
112.07,112.94,111.16,112.68,617951,2019-08-29 01:00:00-04:00
113.13,113.69,111.96,112.49,478267,2019-08-30 01:00:00-04:00
112.5,113.27,112.16,112.68,610951,2019-09-03 01:00:00-04:00
113.39,113.74,112.5,113.66,553058,2019-09-04 01:00:00-04:00
114.33,115.25,113.55,113.93,450892,2019-09-05 01:00:00-04:00
114.11,115.56,114.02,114.94,452008,2019-09-06 01:00:00-04:00
115.23,115.3307,112.51,113.4,801533,2019-09-09 01:00:00-04:00
113.31,113.31,111.18,111.78,770789,2019-09-10 01:00:00-04:00
111.45,111.87,109.7,111.48,634289,2019-09-11 01:00:00-04:00
111.91,113.66,111.75,113.24,521140,2019-09-12 01:00:00-04:00
113.25,113.595,112.195,112.95,534629,2019-09-13 01:00:00-04:00
112.56,112.97,111.96,112.78,461460,2019-09-16 01:00:00-04:00
112.43,114.08,112.43,114.05,637269,2019-09-17 01:00:00-04:00
114.01,114.62,113.16,114.55,411879,2019-09-18 01:00:00-04:00
114.25,115.1509,114.09,114.3,374150,2019-09-19 01:00:00-04:00
114.06,114.4,112.82,113.81,907297,2019-09-20 01:00:00-04:00
113.36,114.82,113.36,114.28,389738,2019-09-23 01:00:00-04:00
114.96,115.18,113.85,114.35,580458,2019-09-24 01:00:00-04:00
114.27,115.31,113.87,115.1,719115,2019-09-25 01:00:00-04:00
115.29,117.16,115.2021,116.59,588768,2019-09-26 01:00:00-04:00
117.0,117.051,115.04,115.76,397237,2019-09-27 01:00:00-04:00
116.02,116.84,115.52,116.67,523161,2019-09-30 01:00:00-04:00
116.89,117.05,114.09,114.2,463249,2019-10-01 01:00:00-04:00
113.54,113.69,111.56,113.02,516291,2019-10-02 01:00:00-04:00
112.35,114.38,112.35,114.19,516783,2019-10-03 01:00:00-04:00
114.75,117.6,114.5503,117.41,555505,2019-10-04 01:00:00-04:00
117.21,117.34,115.9385,115.98,489460,2019-10-07 01:00:00-04:00
115.48,115.48,113.475,113.82,605808,2019-10-08 01:00:00-04:00
113.92,115.4,113.92,114.83,543034,2019-10-09 01:00:00-04:00
114.83,116.52,114.83,116.23,391895,2019-10-10 01:00:00-04:00
117.89,118.19,116.05,116.13,568416,2019-10-11 01:00:00-04:00
115.77,116.84,115.52,116.16,387856,2019-10-14 01:00:00-04:00
116.62,116.8581,115.65,116.08,428374,2019-10-15 01:00:00-04:00
115.57,115.605,113.78,115.25,671797,2019-10-16 01:00:00-04:00
115.63,115.94,114.36,115.12,713387,2019-10-17 01:00:00-04:00
114.95,116.14,114.57,115.72,635467,2019-10-18 01:00:00-04:00
115.87,116.26,114.65,116.04,521711,2019-10-21 01:00:00-04:00
115.98,115.98,113.01,113.38,489438,2019-10-22 01:00:00-04:00
113.19,114.08,113.05,113.96,448889,2019-10-23 01:00:00-04:00
114.36,115.47,113.25,115.27,1052118,2019-10-24 01:00:00-04:00
116.0,117.9,109.67,111.65,983586,2019-10-25 01:00:00-04:00
111.65,112.2,110.15,110.73,854258,2019-10-28 01:00:00-04:00
110.58,111.935,110.1182,111.38,787937,2019-10-29 01:00:00-04:00
111.5,113.22,110.92,112.78,821776,2019-10-30 01:00:00-04:00
112.55,113.25,111.58,113.21,1128662,2019-10-31 01:00:00-04:00
113.52,114.0,111.08,112.1,559183,2019-11-01 01:00:00-04:00
112.6,113.17,109.84,110.18,527149,2019-11-04 01:00:00-05:00
110.0,110.43,109.175,110.03,494131,2019-11-05 01:00:00-05:00
110.37,110.935,109.61,110.89,563227,2019-11-06 01:00:00-05:00
110.54,110.54,108.35,109.03,704035,2019-11-07 01:00:00-05:00
108.48,109.6869,108.2113,108.7,481429,2019-11-08 01:00:00-05:00
108.5,109.54,108.25,109.14,356356,2019-11-11 01:00:00-05:00
109.24,109.83,108.31,108.57,664080,2019-11-12 01:00:00-05:00
108.28,108.97,107.7,108.37,1067636,2019-11-13 01:00:00-05:00
108.34,108.34,107.315,108.0,853469,2019-11-14 01:00:00-05:00
108.15,108.5379,106.81,107.1,797909,2019-11-15 01:00:00-05:00
106.83,107.88,106.7227,107.86,719259,2019-11-18 01:00:00-05:00
108.0,108.26,107.66,107.9,893856,2019-11-19 01:00:00-05:00
107.9,108.94,107.525,107.93,816048,2019-11-20 01:00:00-05:00
107.98,108.29,105.865,106.09,566100,2019-11-21 01:00:00-05:00
106.13,106.97,105.63,105.75,518917,2019-11-22 01:00:00-05:00
106.07,106.57,105.762,105.94,533453,2019-11-25 01:00:00-05:00
106.0,107.32,105.835,107.28,1320801,2019-11-26 01:00:00-05:00
107.28,107.69,106.74,107.4,628225,2019-11-27 01:00:00-05:00
107.51,107.79,106.745,107.05,325062,2019-11-29 01:00:00-05:00
106.98,107.175,105.61,105.63,684545,2019-12-02 01:00:00-05:00
105.12,105.37,103.87,104.39,496314,2019-12-03 01:00:00-05:00
104.5,105.01,104.12,104.55,644766,2019-12-04 01:00:00-05:00
104.84,104.93,104.3786,104.7,625193,2019-12-05 01:00:00-05:00
105.11,105.62,104.8,105.37,606419,2019-12-06 01:00:00-05:00
105.68,106.39,105.28,106.26,547942,2019-12-09 01:00:00-05:00
106.07,106.68,105.58,105.71,376775,2019-12-10 01:00:00-05:00
105.92,105.93,104.89,105.32,366612,2019-12-11 01:00:00-05:00
105.19,106.61,105.03,106.18,561654,2019-12-12 01:00:00-05:00
105.87,106.1,105.08,105.45,450819,2019-12-13 01:00:00-05:00
105.68,106.09,105.4,105.7,528859,2019-12-16 01:00:00-05:00
106.04,106.15,105.09,105.58,858006,2019-12-17 01:00:00-05:00
105.04,105.13,103.81,103.81,633137,2019-12-18 01:00:00-05:00
103.5,103.534,102.69,103.29,740105,2019-12-19 01:00:00-05:00
104.75,104.75,103.0,104.13,1143360,2019-12-20 01:00:00-05:00
104.51,104.51,102.7443,102.985,459408,2019-12-23 01:00:00-05:00
103.29,103.47,102.87,103.27,176227,2019-12-24 01:00:00-05:00
103.24,103.74,103.2,103.55,587835,2019-12-26 01:00:00-05:00
103.35,103.98,103.17,103.9,357378,2019-12-27 01:00:00-05:00
104.09,104.45,103.725,104.44,380147,2019-12-30 01:00:00-05:00
104.34,105.18,104.1576,105.15,488929,2019-12-31 01:00:00-05:00
105.62,106.03,104.8,105.96,745755,2020-01-02 01:00:00-05:00
105.31,106.61,105.31,106.5,461828,2020-01-03 01:00:00-05:00
105.85,106.282,105.08,105.68,409619,2020-01-06 01:00:00-05:00
105.15,105.61,103.68,103.69,443080,2020-01-07 01:00:00-05:00
102.9,103.87,102.82,103.1,884493,2020-01-08 01:00:00-05:00
103.23,104.97,103.13,104.94,751657,2020-01-09 01:00:00-05:00
105.22,106.02,104.59,104.7,437596,2020-01-10 01:00:00-05:00
104.96,105.67,104.53,105.09,605511,2020-01-13 01:00:00-05:00
105.41,105.45,104.44,104.86,627232,2020-01-14 01:00:00-05:00
105.02,105.92,104.91,105.4,469925,2020-01-15 01:00:00-05:00
105.89,106.52,105.31,105.53,472171,2020-01-16 01:00:00-05:00
105.85,107.42,105.85,107.31,576196,2020-01-17 01:00:00-05:00
107.27,107.67,106.16,106.33,759689,2020-01-21 01:00:00-05:00
106.84,107.34,106.59,107.14,352075,2020-01-22 01:00:00-05:00
106.7,106.7,105.1437,105.98,485420,2020-01-23 01:00:00-05:00
105.9,106.51,105.55,106.015,330079,2020-01-24 01:00:00-05:00
105.14,105.7,104.51,104.75,463946,2020-01-27 01:00:00-05:00
105.09,106.5,104.97,105.35,479635,2020-01-28 01:00:00-05:00
105.65,105.97,104.82,105.04,422567,2020-01-29 01:00:00-05:00
104.66,106.82,104.4,106.8,467189,2020-01-30 01:00:00-05:00
106.64,107.095,104.7,104.95,976620,2020-01-31 01:00:00-05:00
105.84,107.59,105.37,106.31,538907,2020-02-03 01:00:00-05:00
107.33,107.4,105.99,106.04,563901,2020-02-04 01:00:00-05:00
107.04,108.21,106.07,108.01,671895,2020-02-05 01:00:00-05:00
110.72,113.79,109.62,112.84,867522,2020-02-06 01:00:00-05:00
113.13,113.32,112.125,112.83,755114,2020-02-07 01:00:00-05:00
112.99,114.315,112.73,114.08,646551,2020-02-10 01:00:00-05:00
114.46,115.52,114.16,114.92,875312,2020-02-11 01:00:00-05:00
114.85,115.0,113.62,113.74,664957,2020-02-12 01:00:00-05:00
113.18,115.445,113.18,114.85,795208,2020-02-13 01:00:00-05:00
114.66,115.26,114.35,115.21,612615,2020-02-14 01:00:00-05:00
114.9,115.53,113.65,113.85,472150,2020-02-18 01:00:00-05:00
114.11,114.3,112.98,113.02,435433,2020-02-19 01:00:00-05:00
113.03,113.03,111.17,112.12,340177,2020-02-20 01:00:00-05:00
111.91,112.29,110.77,111.32,682455,2020-02-21 01:00:00-05:00
109.93,110.73,107.47,107.48,775056,2020-02-24 01:00:00-05:00
107.92,108.3002,104.63,104.72,933702,2020-02-25 01:00:00-05:00
105.33,106.19,103.1,103.13,1182519,2020-02-26 01:00:00-05:00
102.29,102.59,97.59,97.66,1742420,2020-02-27 01:00:00-05:00
95.53,96.15,92.11,93.24,2197099,2020-02-28 01:00:00-05:00
94.0,101.62,92.14,101.36,1528673,2020-03-02 01:00:00-05:00
100.6,102.64,98.76,99.77,1343511,2020-03-03 01:00:00-05:00
101.64,104.82,100.82,104.43,868686,2020-03-04 01:00:00-05:00
101.9,102.84,99.77,101.14,993689,2020-03-05 01:00:00-05:00
97.36,98.9744,95.49,98.21,1241152,2020-03-06 01:00:00-05:00
92.33,93.5,89.18,90.7,1397531,2020-03-09 01:00:00-04:00
94.08,96.04,91.16,95.99,1405767,2020-03-10 01:00:00-04:00
92.51,94.18,88.7,90.0,1367254,2020-03-11 01:00:00-04:00
83.06,85.14,79.35,80.56,1276218,2020-03-12 01:00:00-04:00
84.99,90.6,84.09,90.58,1517617,2020-03-13 01:00:00-04:00
83.22,88.69,78.05,78.52,1414824,2020-03-16 01:00:00-04:00
79.97,85.46,73.11,84.98,1556688,2020-03-17 01:00:00-04:00
79.69,85.7,77.04,85.37,1273899,2020-03-18 01:00:00-04:00
84.05,85.45,77.0,81.93,1390264,2020-03-19 01:00:00-04:00
81.96,81.96,73.08,75.03,1491457,2020-03-20 01:00:00-04:00
73.1,75.26,65.69,66.78,1461779,2020-03-23 01:00:00-04:00
69.53,79.2,69.53,78.02,1465313,2020-03-24 01:00:00-04:00
78.73,79.92,73.04,74.23,1261979,2020-03-25 01:00:00-04:00
75.32,79.57,72.33,78.72,1072877,2020-03-26 01:00:00-04:00
75.34,79.07,74.4217,75.95,800471,2020-03-27 01:00:00-04:00
75.85,80.56,74.01,79.74,954604,2020-03-30 01:00:00-04:00
78.75,82.65,74.55,75.45,2029694,2020-03-31 01:00:00-04:00
71.94,76.26,71.2635,73.57,1195092,2020-04-01 01:00:00-04:00
72.52,76.25,71.48,72.92,976166,2020-04-02 01:00:00-04:00
72.17,74.52,70.55,71.03,963260,2020-04-03 01:00:00-04:00
74.48,78.46,73.76,77.41,960763,2020-04-06 01:00:00-04:00
80.6,82.93,79.49,79.88,1014087,2020-04-07 01:00:00-04:00
79.31,81.7983,78.06,81.08,750191,2020-04-08 01:00:00-04:00
82.3,84.25,81.6,83.58,1231360,2020-04-09 01:00:00-04:00
84.02,84.02,81.39,82.64,609554,2020-04-13 01:00:00-04:00
84.94,87.6,84.2,87.1,1472121,2020-04-14 01:00:00-04:00
84.8,85.5,82.57,82.94,1234468,2020-04-15 01:00:00-04:00
83.33,83.86,81.31,82.47,879706,2020-04-16 01:00:00-04:00
85.12,86.21,83.34,85.8,769994,2020-04-17 01:00:00-04:00
84.87,84.905,81.41,82.48,623052,2020-04-20 01:00:00-04:00
80.33,81.88,79.54,80.17,560079,2020-04-21 01:00:00-04:00
82.63,82.63,79.54,79.69,567711,2020-04-22 01:00:00-04:00
79.9,80.88,77.89,78.4,508332,2020-04-23 01:00:00-04:00
79.53,79.53,77.22,78.53,522181,2020-04-24 01:00:00-04:00
79.82,82.5,79.04,82.03,686119,2020-04-27 01:00:00-04:00
76.28,77.26,71.27,71.81,3936370,2020-04-28 01:00:00-04:00
73.14,73.2457,70.39,70.42,1620503,2020-04-29 01:00:00-04:00
69.51,69.83,65.55,65.8,2354410,2020-04-30 01:00:00-04:00
64.44,64.94,60.0,60.95,2993727,2020-05-01 01:00:00-04:00
60.6,60.67,58.67,60.145,2016882,2020-05-04 01:00:00-04:00
60.0,61.26,58.35,59.0,1646359,2020-05-05 01:00:00-04:00
58.21,58.99,53.06,53.12,2042209,2020-05-06 01:00:00-04:00
53.51,56.39,53.5,55.01,1404394,2020-05-07 01:00:00-04:00
56.0,56.2765,54.17,55.73,1236785,2020-05-08 01:00:00-04:00
55.4919,55.5259,53.39,53.85,1419610,2020-05-11 01:00:00-04:00
54.0,54.15,51.45,51.45,1498399,2020-05-12 01:00:00-04:00
51.0,51.14,48.23,48.54,1678576,2020-05-13 01:00:00-04:00
47.67,51.19,46.07,50.48,1718564,2020-05-14 01:00:00-04:00
49.81,50.29,48.19,49.25,2585735,2020-05-15 01:00:00-04:00
50.97,53.78,50.97,53.17,1765556,2020-05-18 01:00:00-04:00
53.1,53.28,51.21,52.09,1887251,2020-05-19 01:00:00-04:00
52.53,54.415,51.98,53.56,1331828,2020-05-20 01:00:00-04:00
53.57,57.87,53.13,57.45,2162148,2020-05-21 01:00:00-04:00
57.58,57.58,55.7535,57.32,1341849,2020-05-22 01:00:00-04:00
59.86,61.16,59.07,59.24,1561554,2020-05-26 01:00:00-04:00
62.0,62.6,60.01,61.4,2566798,2020-05-27 01:00:00-04:00
62.0,62.31,59.84,60.57,1553600,2020-05-28 01:00:00-04:00
59.51,59.7,57.64,58.95,1743566,2020-05-29 01:00:00-04:00
58.5919,60.17,58.0825,59.64,1006990,2020-06-01 01:00:00-04:00
60.58,61.68,59.43,60.79,873716,2020-06-02 01:00:00-04:00
62.78,64.63,62.08,63.87,1437728,2020-06-03 01:00:00-04:00
63.25,64.66,62.32,64.63,936080,2020-06-04 01:00:00-04:00
68.51,69.815,66.59,68.78,1723021,2020-06-05 01:00:00-04:00
70.75,71.47,69.2803,71.43,1461203,2020-06-08 01:00:00-04:00
69.71,70.38,68.04,68.81,1050992,2020-06-09 01:00:00-04:00
68.14,68.3956,65.19,65.23,1678478,2020-06-10 01:00:00-04:00
61.84,62.95,58.2701,58.66,1708593,2020-06-11 01:00:00-04:00
61.06,62.1844,59.62,61.03,1136797,2020-06-12 01:00:00-04:00
59.25,62.59,58.62,61.94,1371874,2020-06-15 01:00:00-04:00
64.99,65.47,61.97,63.22,1216539,2020-06-16 01:00:00-04:00
63.49,63.635,61.8,62.06,1006312,2020-06-17 01:00:00-04:00
61.44,64.51,61.4,63.13,1166593,2020-06-18 01:00:00-04:00
63.0,64.49,61.86,63.17,6678379,2020-06-19 01:00:00-04:00
62.34,63.0,60.99,62.8,1774586,2020-06-22 01:00:00-04:00
63.28,64.37,63.12,63.79,1342085,2020-06-23 01:00:00-04:00
62.95,63.0,60.61,62.01,1531659,2020-06-24 01:00:00-04:00
61.45,63.85,61.17,63.74,1049496,2020-06-25 01:00:00-04:00
62.66,63.41,61.65,62.0,1918092,2020-06-26 01:00:00-04:00
63.03,63.86,62.0,63.75,1075712,2020-06-29 01:00:00-04:00
62.96,64.39,62.96,64.03,1295562,2020-06-30 01:00:00-04:00
63.95,64.51,63.07,64.1,1032487,2020-07-01 01:00:00-04:00
65.41,66.81,64.34,64.87,1461000,2020-07-02 01:00:00-04:00
66.38,68.48,66.1777,68.06,2111664,2020-07-06 01:00:00-04:00
67.53,69.43,66.98,68.3,2072694,2020-07-07 01:00:00-04:00
68.08,69.21,67.7629,69.14,1093112,2020-07-08 01:00:00-04:00
68.97,69.08,65.98,67.3,1278097,2020-07-09 01:00:00-04:00
67.48,70.61,67.18,70.48,1147366,2020-07-10 01:00:00-04:00
71.07,71.48,69.8,70.09,1360651,2020-07-13 01:00:00-04:00
70.26,72.79,69.74,72.71,1372926,2020-07-14 01:00:00-04:00
73.62,74.64,72.02,73.52,1252459,2020-07-15 01:00:00-04:00
73.07,76.06,72.82,75.81,1080766,2020-07-16 01:00:00-04:00
76.0,77.29,74.76,76.66,1123491,2020-07-17 01:00:00-04:00
76.06,77.2,74.94,77.06,1313791,2020-07-20 01:00:00-04:00
76.68,78.99,76.58,78.15,1084394,2020-07-21 01:00:00-04:00
77.92,80.45,77.52,80.22,1091949,2020-07-22 01:00:00-04:00
80.29,82.89,80.24,82.67,1109018,2020-07-23 01:00:00-04:00
83.01,83.73,81.905,83.23,1082579,2020-07-24 01:00:00-04:00
83.6509,83.6509,81.51,82.45,965744,2020-07-27 01:00:00-04:00
82.96,85.47,81.08,83.4,1474497,2020-07-28 01:00:00-04:00
84.03,84.03,82.21,83.44,1269932,2020-07-29 01:00:00-04:00
81.52,81.94,78.32,79.81,1112002,2020-07-30 01:00:00-04:00
79.34,80.02,77.2,77.93,2517908,2020-07-31 01:00:00-04:00
78.14,79.1,77.22,78.4,785983,2020-08-03 01:00:00-04:00
78.59,78.59,77.09,77.46,764050,2020-08-04 01:00:00-04:00
77.93,80.37,77.93,79.56,836831,2020-08-05 01:00:00-04:00
78.2804,79.845,78.2804,79.45,485406,2020-08-06 01:00:00-04:00
79.29,81.93,79.055,81.67,729074,2020-08-07 01:00:00-04:00
82.34,83.77,81.38,83.42,679293,2020-08-10 01:00:00-04:00
84.68,85.97,82.84,83.12,800759,2020-08-11 01:00:00-04:00
84.03,84.29,80.985,81.01,1165727,2020-08-12 01:00:00-04:00
80.06,80.27,78.85,79.58,981262,2020-08-13 01:00:00-04:00
79.61,81.39,79.01,80.11,605423,2020-08-14 01:00:00-04:00
80.08,80.13,77.79,78.23,558905,2020-08-17 01:00:00-04:00
78.35,79.34,77.83,78.98,549538,2020-08-18 01:00:00-04:00
78.59,79.77,77.86,78.21,450390,2020-08-19 01:00:00-04:00
77.08,78.5,77.08,77.98,409770,2020-08-20 01:00:00-04:00
77.87,78.55,77.091,77.34,385872,2020-08-21 01:00:00-04:00
77.74,79.59,77.37,79.52,473812,2020-08-24 01:00:00-04:00
79.6,80.3499,79.04,79.35,396451,2020-08-25 01:00:00-04:00
78.98,79.01,78.1,78.5,385892,2020-08-26 01:00:00-04:00
78.47,81.35,78.47,80.46,406655,2020-08-27 01:00:00-04:00
81.09,81.09,79.67,80.39,356579,2020-08-28 01:00:00-04:00
80.15,80.39,79.09,79.41,585254,2020-08-31 01:00:00-04:00
79.02,80.05,78.6292,80.0,554340,2020-09-01 01:00:00-04:00
79.76,82.25,79.46,81.67,579280,2020-09-02 01:00:00-04:00
82.43,83.99,79.94,80.59,528386,2020-09-03 01:00:00-04:00
82.22,82.6,80.04,81.08,631596,2020-09-04 01:00:00-04:00
80.43,80.62,77.7302,79.15,703434,2020-09-08 01:00:00-04:00
79.03,80.44,78.32,78.84,786864,2020-09-09 01:00:00-04:00
79.2,79.25,76.75,77.23,847947,2020-09-10 01:00:00-04:00
77.13,77.84,76.09,76.92,682173,2020-09-11 01:00:00-04:00
77.33,78.89,77.33,77.67,732950,2020-09-14 01:00:00-04:00
77.47,77.74,75.79,75.98,497244,2020-09-15 01:00:00-04:00
76.28,77.88,76.09,77.2,699905,2020-09-16 01:00:00-04:00
76.5,78.16,75.815,77.44,840338,2020-09-17 01:00:00-04:00
76.98,78.61,76.85,78.01,1741462,2020-09-18 01:00:00-04:00
75.97,77.6,73.79,75.44,1155685,2020-09-21 01:00:00-04:00
75.11,76.91,74.67,75.88,980542,2020-09-22 01:00:00-04:00
76.01,77.3338,74.76,74.95,1803261,2020-09-23 01:00:00-04:00
75.68,77.92,74.01,76.31,599558,2020-09-24 01:00:00-04:00
75.37,77.12,74.54,76.87,627639,2020-09-25 01:00:00-04:00
78.32,80.07,77.56,79.02,792973,2020-09-28 01:00:00-04:00
78.24,78.73,76.68,77.89,576374,2020-09-29 01:00:00-04:00
78.52,79.37,77.33,77.97,787755,2020-09-30 01:00:00-04:00
77.93,78.77,76.05,76.49,667713,2020-10-01 01:00:00-04:00
75.13,78.21,75.13,77.78,499402,2020-10-02 01:00:00-04:00
80.99,82.79,80.36,82.03,837254,2020-10-05 01:00:00-04:00
82.49,82.71,79.6001,79.92,735424,2020-10-06 01:00:00-04:00
80.34,81.21,78.43,79.44,697350,2020-10-07 01:00:00-04:00
80.02,81.38,79.32,80.64,423937,2020-10-08 01:00:00-04:00
81.36,81.63,79.325,79.69,592571,2020-10-09 01:00:00-04:00
80.11,82.15,79.825,81.22,492250,2020-10-12 01:00:00-04:00
80.91,81.76,78.79,79.15,553236,2020-10-13 01:00:00-04:00
79.64,80.56,78.75,78.77,385797,2020-10-14 01:00:00-04:00
77.83,79.21,77.0,78.82,613149,2020-10-15 01:00:00-04:00
79.04,79.516,78.1,78.58,539204,2020-10-16 01:00:00-04:00
78.9,79.32,77.58,77.67,453096,2020-10-19 01:00:00-04:00
78.81,80.15,78.0525,79.82,560926,2020-10-20 01:00:00-04:00
79.82,84.591,79.82,84.29,652753,2020-10-21 01:00:00-04:00
81.0,81.0,76.1,76.74,1821969,2020-10-22 01:00:00-04:00
77.3,78.5868,76.4,77.4,1589505,2020-10-23 01:00:00-04:00
77.14,77.4,76.16,76.81,1070609,2020-10-26 01:00:00-04:00
77.54,79.38,73.6,73.85,1209427,2020-10-27 01:00:00-04:00
74.6286,74.6286,70.69,71.17,1207782,2020-10-28 01:00:00-04:00
71.12,73.12,70.13,71.65,840999,2020-10-29 01:00:00-04:00
71.06,72.26,69.92,70.74,1306635,2020-10-30 01:00:00-04:00
72.33,72.63,71.2,72.22,590539,2020-11-02 01:00:00-05:00
73.86,74.94,73.29,73.69,666413,2020-11-03 01:00:00-05:00
71.87,73.72,71.21,72.29,775766,2020-11-04 01:00:00-05:00
72.22,75.3,72.01,74.55,476651,2020-11-05 01:00:00-05:00
74.84,75.09,73.705,74.25,420268,2020-11-06 01:00:00-05:00
81.88,87.895,81.63,85.73,1371936,2020-11-09 01:00:00-05:00
85.25,87.1,84.67,86.64,994299,2020-11-10 01:00:00-05:00
87.29,87.36,83.37,84.52,820294,2020-11-11 01:00:00-05:00
84.04,84.2,82.18,82.99,577502,2020-11-12 01:00:00-05:00
83.8,84.93,77.37,78.78,2530838,2020-11-13 01:00:00-05:00
80.98,81.55,79.2,79.84,1315108,2020-11-16 01:00:00-05:00
79.01,80.2,76.69,79.705,940188,2020-11-17 01:00:00-05:00
79.7,81.21,79.16,79.5,573981,2020-11-18 01:00:00-05:00
78.87,78.87,76.817,78.35,828966,2020-11-19 01:00:00-05:00
78.31,78.88,77.12,77.4,825149,2020-11-20 01:00:00-05:00
78.09,78.5,77.17,77.63,695079,2020-11-23 01:00:00-05:00
79.27,80.47,78.01,79.56,861579,2020-11-24 01:00:00-05:00
78.66,79.1,77.3475,78.53,537710,2020-11-25 01:00:00-05:00
78.29,79.41,77.31,77.81,370486,2020-11-27 01:00:00-05:00
77.07,78.26,75.5,76.35,3184249,2020-11-30 01:00:00-05:00
77.89,80.47,77.08,80.0,1108475,2020-12-01 01:00:00-05:00
79.6,80.68,78.26,79.93,858923,2020-12-02 01:00:00-05:00
79.64,81.74,79.26,81.7,860441,2020-12-03 01:00:00-05:00
81.89,83.393,81.74,82.96,886455,2020-12-04 01:00:00-05:00
81.98,82.22,79.79,80.18,520708,2020-12-07 01:00:00-05:00
79.89,81.64,79.41,81.26,410019,2020-12-08 01:00:00-05:00
82.37,82.576,80.62,81.33,494427,2020-12-09 01:00:00-05:00
81.5,81.705,80.4301,80.97,606539,2020-12-10 01:00:00-05:00
79.9,81.025,79.15,80.17,551060,2020-12-11 01:00:00-05:00
80.98,82.385,79.435,79.61,964286,2020-12-14 01:00:00-05:00
79.37,81.58,78.555,80.93,816929,2020-12-15 01:00:00-05:00
80.87,82.7,80.61,82.04,998350,2020-12-16 01:00:00-05:00
82.4,84.45,82.2,84.29,912706,2020-12-17 01:00:00-05:00
84.88,85.74,82.57,83.04,2524218,2020-12-18 01:00:00-05:00
83.02,84.16,81.4375,84.05,829305,2020-12-21 01:00:00-05:00
83.63,84.345,83.06,83.96,5001198,2020-12-22 01:00:00-05:00
85.6,87.9,84.78,85.71,1220902,2020-12-23 01:00:00-05:00
85.72,86.2224,84.21,85.23,226472,2020-12-24 01:00:00-05:00
85.31,87.56,85.16,87.37,585563,2020-12-28 01:00:00-05:00
88.33,88.69,86.12,86.23,727278,2020-12-29 01:00:00-05:00
86.14,87.12,86.0,86.46,411644,2020-12-30 01:00:00-05:00
86.64,87.46,85.525,87.37,446652,2020-12-31 01:00:00-05:00
87.82,88.29,83.87,84.5,974674,2021-01-04 01:00:00-05:00
84.77,85.61,82.62,83.7,574821,2021-01-05 01:00:00-05:00
85.76,88.125,84.92,87.64,731692,2021-01-06 01:00:00-05:00
88.25,88.32,86.8,87.68,650732,2021-01-07 01:00:00-05:00
87.92,87.92,86.55,87.78,685995,2021-01-08 01:00:00-05:00
87.54,89.26,86.875,88.67,600065,2021-01-11 01:00:00-05:00
89.18,93.83,88.63,92.47,686726,2021-01-12 01:00:00-05:00
91.79,92.7,90.19,91.81,847870,2021-01-13 01:00:00-05:00
92.62,93.76,90.855,93.49,901963,2021-01-14 01:00:00-05:00
93.48,94.8508,92.29,93.7,909737,2021-01-15 01:00:00-05:00
92.821,94.62,92.821,93.77,772146,2021-01-19 01:00:00-05:00
93.9,94.34,91.48,92.48,528843,2021-01-20 01:00:00-05:00
92.3,92.545,88.26,88.28,800263,2021-01-21 01:00:00-05:00
87.66,87.84,84.64,87.32,1344628,2021-01-22 01:00:00-05:00
86.53,88.99,85.173,88.48,983378,2021-01-25 01:00:00-05:00
89.11,89.23,86.76,86.78,1382282,2021-01-26 01:00:00-05:00
85.19,86.055,83.96,84.25,2367923,2021-01-27 01:00:00-05:00
85.02,86.29,84.77,85.63,753478,2021-01-28 01:00:00-05:00
85.48,85.56,83.56,84.09,1138636,2021-01-29 01:00:00-05:00
85.13,87.98,84.5,87.41,808206,2021-02-01 01:00:00-05:00
88.03,88.03,86.17,87.11,726400,2021-02-02 01:00:00-05:00
86.76,87.03,85.245,86.12,464045,2021-02-03 01:00:00-05:00
86.26,88.19,85.74,87.34,629629,2021-02-04 01:00:00-05:00
87.6525,87.9262,86.63,86.71,495901,2021-02-05 01:00:00-05:00
87.07,87.82,86.48,87.66,515859,2021-02-08 01:00:00-05:00
88.01,88.8,86.6,87.18,1095956,2021-02-09 01:00:00-05:00
87.5,89.36,86.7987,89.04,758744,2021-02-10 01:00:00-05:00
90.99,95.0,90.641,91.37,1330629,2021-02-11 01:00:00-05:00
90.9,92.55,90.63,92.42,578258,2021-02-12 01:00:00-05:00
93.5,93.5,90.52,90.82,2655521,2021-02-16 01:00:00-05:00
91.39,93.84,90.83,93.8,684684,2021-02-17 01:00:00-05:00
92.35,95.44,92.35,94.68,818532,2021-02-18 01:00:00-05:00
95.06,97.09,95.06,96.26,661372,2021-02-19 01:00:00-05:00
95.47,97.35,95.28,96.98,2411607,2021-02-22 01:00:00-05:00
98.0,99.17,96.54,98.41,694887,2021-02-23 01:00:00-05:00
98.7,101.41,98.45,100.89,625973,2021-02-24 01:00:00-05:00
101.75,102.08,98.77,98.77,1020669,2021-02-25 01:00:00-05:00
98.7,99.91,97.18,97.87,1100327,2021-02-26 01:00:00-05:00
98.98,102.31,98.98,101.16,1057178,2021-03-01 01:00:00-05:00
100.61,101.44,99.5,99.98,526981,2021-03-02 01:00:00-05:00
99.97,102.41,99.82,101.09,982454,2021-03-03 01:00:00-05:00
101.08,101.75,98.2802,99.87,855831,2021-03-04 01:00:00-05:00
101.42,104.68,100.085,104.26,667923,2021-03-05 01:00:00-05:00
104.99,108.39,104.03,107.02,643617,2021-03-08 01:00:00-05:00
106.41,108.22,104.79,105.46,657651,2021-03-09 01:00:00-05:00
106.46,107.4,105.48,106.25,529309,2021-03-10 01:00:00-05:00
105.72,106.12,104.29,104.74,578531,2021-03-11 01:00:00-05:00
107.02,107.73,106.18,107.61,522140,2021-03-12 01:00:00-05:00
107.15,108.99,105.875,108.93,740098,2021-03-15 01:00:00-04:00
107.17,107.25,104.25,106.41,684819,2021-03-16 01:00:00-04:00
107.46,107.46,105.37,106.3,820461,2021-03-17 01:00:00-04:00
107.3,108.89,105.65,107.79,1252038,2021-03-18 01:00:00-04:00
106.61,108.25,105.27,107.0,4507168,2021-03-19 01:00:00-04:00
107.15,107.705,105.3276,105.86,562090,2021-03-22 01:00:00-04:00
104.9,105.9724,104.015,104.64,650677,2021-03-23 01:00:00-04:00
105.68,106.59,104.56,104.62,589044,2021-03-24 01:00:00-04:00
104.96,106.27,103.24,106.08,526010,2021-03-25 01:00:00-04:00
106.42,106.86,104.42,105.79,837668,2021-03-26 01:00:00-04:00
104.78,105.69,102.8,104.04,850760,2021-03-29 01:00:00-04:00
104.04,105.5,104.04,105.08,717473,2021-03-30 01:00:00-04:00
104.62,104.65,103.04,103.09,691051,2021-03-31 01:00:00-04:00
102.89,104.95,102.18,104.14,719881,2021-04-01 01:00:00-04:00
104.8,105.87,104.53,105.59,698448,2021-04-05 01:00:00-04:00
105.36,106.02,104.51,105.95,499426,2021-04-06 01:00:00-04:00
106.0,106.18,104.38,105.25,487373,2021-04-07 01:00:00-04:00
105.11,105.285,104.34,104.52,518167,2021-04-08 01:00:00-04:00
105.22,105.36,103.8,105.09,902091,2021-04-09 01:00:00-04:00
105.45,106.58,105.34,106.47,588649,2021-04-12 01:00:00-04:00
106.38,106.65,105.39,105.45,663068,2021-04-13 01:00:00-04:00
105.85,106.62,105.62,106.0,533558,2021-04-14 01:00:00-04:00
106.12,106.69,105.555,106.5,643600,2021-04-15 01:00:00-04:00
106.84,107.55,105.84,106.41,690480,2021-04-16 01:00:00-04:00
106.9,107.35,105.64,107.22,623440,2021-04-19 01:00:00-04:00
107.61,108.43,106.37,106.97,427556,2021-04-20 01:00:00-04:00
107.24,110.0,106.69,109.84,729181,2021-04-21 01:00:00-04:00
109.37,110.3,108.55,108.84,494564,2021-04-22 01:00:00-04:00
109.65,110.28,108.81,109.36,528102,2021-04-23 01:00:00-04:00
109.81,111.0,108.37,109.02,640622,2021-04-26 01:00:00-04:00
108.71,109.91,108.19,108.43,726054,2021-04-27 01:00:00-04:00
108.55,108.593,106.29,106.76,704652,2021-04-28 01:00:00-04:00
110.05,112.25,108.84,111.5,1050066,2021-04-29 01:00:00-04:00
111.4024,113.0,110.3,112.68,1866500,2021-04-30 01:00:00-04:00
114.64,115.435,112.04,114.9,944661,2021-05-03 01:00:00-04:00
114.62,116.59,114.2,116.3,756424,2021-05-04 01:00:00-04:00
114.6191,118.17,114.6191,117.68,883672,2021-05-05 01:00:00-04:00
118.42,119.8,117.68,119.72,542195,2021-05-06 01:00:00-04:00
117.53,120.52,117.5,120.35,864373,2021-05-07 01:00:00-04:00
121.41,122.8,120.57,120.7,888751,2021-05-10 01:00:00-04:00
120.38,120.38,117.84,118.15,689408,2021-05-11 01:00:00-04:00
118.72,119.4,116.76,116.96,499118,2021-05-12 01:00:00-04:00
116.5,120.5,115.8,120.04,559291,2021-05-13 01:00:00-04:00
119.52,121.73,118.355,120.96,415745,2021-05-14 01:00:00-04:00
120.61,121.23,119.66,120.2,326097,2021-05-17 01:00:00-04:00
120.42,120.42,119.035,119.24,463039,2021-05-18 01:00:00-04:00
118.26,119.74,116.975,119.63,780575,2021-05-19 01:00:00-04:00
119.3,121.89,118.4,121.17,613246,2021-05-20 01:00:00-04:00
121.05,122.355,119.59,120.28,515137,2021-05-21 01:00:00-04:00
120.53,121.27,119.75,120.93,535910,2021-05-24 01:00:00-04:00
120.74,121.29,119.08,119.25,516322,2021-05-25 01:00:00-04:00
119.88,120.222,118.69,118.89,537168,2021-05-26 01:00:00-04:00
119.71,121.11,118.87,120.8,954116,2021-05-27 01:00:00-04:00
121.09,121.81,120.1,121.71,583929,2021-05-28 01:00:00-04:00
122.29,122.988,121.26,121.85,527860,2021-06-01 01:00:00-04:00
122.17,122.29,120.905,122.19,494221,2021-06-02 01:00:00-04:00
121.9,123.82,121.09,123.36,652312,2021-06-03 01:00:00-04:00
123.77,124.29,122.55,124.22,315835,2021-06-04 01:00:00-04:00
124.34,124.37,122.52,122.76,334820,2021-06-07 01:00:00-04:00
122.47,123.91,121.58,123.41,600187,2021-06-08 01:00:00-04:00
122.68,123.17,120.56,121.14,740874,2021-06-09 01:00:00-04:00
121.95,122.665,121.33,121.55,333379,2021-06-10 01:00:00-04:00
121.77,122.0,121.19,121.8,271073,2021-06-11 01:00:00-04:00
121.29,121.42,119.88,120.48,326808,2021-06-14 01:00:00-04:00
120.87,122.38,120.0,121.7,458621,2021-06-15 01:00:00-04:00
119.1001,121.13,119.1001,120.28,532993,2021-06-16 01:00:00-04:00
120.58,120.58,115.91,116.74,411549,2021-06-17 01:00:00-04:00
114.95,115.66,113.1,113.82,1419981,2021-06-18 01:00:00-04:00
114.33,117.04,114.33,116.86,557579,2021-06-21 01:00:00-04:00
117.03,117.73,115.83,117.27,449629,2021-06-22 01:00:00-04:00
116.97,117.43,116.53,116.79,287408,2021-06-23 01:00:00-04:00
117.48,118.0158,116.8,117.75,409475,2021-06-24 01:00:00-04:00
117.95,119.5,117.19,119.08,832839,2021-06-25 01:00:00-04:00
118.93,118.93,116.03,117.38,744903,2021-06-28 01:00:00-04:00
117.34,118.28,116.155,116.36,671921,2021-06-29 01:00:00-04:00
116.26,117.32,115.22,116.62,616064,2021-06-30 01:00:00-04:00
117.06,118.22,116.26,117.92,360178,2021-07-01 01:00:00-04:00
117.79,117.97,116.895,117.84,293733,2021-07-02 01:00:00-04:00
115.4231,117.83,114.32,116.38,541521,2021-07-06 01:00:00-04:00
115.66,117.34,115.66,117.2,384294,2021-07-07 01:00:00-04:00
115.68,116.115,113.32,113.76,606262,2021-07-08 01:00:00-04:00
116.26,118.99,115.4857,118.87,778776,2021-07-09 01:00:00-04:00
117.76,120.38,117.4,119.81,556637,2021-07-12 01:00:00-04:00
119.81,119.81,118.62,118.71,482122,2021-07-13 01:00:00-04:00
119.42,120.16,117.19,118.0,396257,2021-07-14 01:00:00-04:00
117.05,118.95,116.58,118.49,388794,2021-07-15 01:00:00-04:00
118.84,119.25,117.97,118.53,376178,2021-07-16 01:00:00-04:00
116.92,116.92,113.33,114.13,469500,2021-07-19 01:00:00-04:00
114.52,118.13,114.52,117.17,494908,2021-07-20 01:00:00-04:00
118.36,119.22,117.495,117.64,323917,2021-07-21 01:00:00-04:00
117.11,117.11,114.88,115.02,351170,2021-07-22 01:00:00-04:00
115.68,116.34,114.42,115.24,405049,2021-07-23 01:00:00-04:00
115.26,117.19,115.26,116.77,452201,2021-07-26 01:00:00-04:00
115.87,116.58,114.47,116.05,552016,2021-07-27 01:00:00-04:00
116.46,116.46,112.89,113.7,530770,2021-07-28 01:00:00-04:00
116.01,118.53,114.42,117.71,852799,2021-07-29 01:00:00-04:00
115.7,119.1183,115.7,117.88,1181488,2021-07-30 01:00:00-04:00
118.73,120.6899,118.24,119.11,603508,2021-08-02 01:00:00-04:00
119.7,119.98,117.25,118.94,380571,2021-08-03 01:00:00-04:00
118.17,118.7099,115.63,115.9,698504,2021-08-04 01:00:00-04:00
117.5,118.07,114.83,116.39,542618,2021-08-05 01:00:00-04:00
117.62,119.64,117.62,119.29,436899,2021-08-06 01:00:00-04:00
119.28,120.01,118.43,119.63,276337,2021-08-09 01:00:00-04:00
119.48,121.08,119.27,120.4,501527,2021-08-10 01:00:00-04:00
120.8,121.4491,120.03,121.26,361064,2021-08-11 01:00:00-04:00
121.54,122.09,120.34,121.84,322283,2021-08-12 01:00:00-04:00
122.35,122.35,121.015,121.39,343355,2021-08-13 01:00:00-04:00
120.63,122.14,119.65,122.06,346194,2021-08-16 01:00:00-04:00
122.73,123.28,121.58,122.72,328047,2021-08-17 01:00:00-04:00
122.25,123.41,121.03,121.13,349975,2021-08-18 01:00:00-04:00
120.24,122.46,120.17,121.69,371227,2021-08-19 01:00:00-04:00
121.95,123.745,121.28,123.31,369984,2021-08-20 01:00:00-04:00
123.51,124.6856,122.81,123.26,313297,2021-08-23 01:00:00-04:00
123.67,123.98,122.965,123.14,271783,2021-08-24 01:00:00-04:00
123.46,125.67,123.16,124.86,452019,2021-08-25 01:00:00-04:00
125.5,125.5,122.53,122.58,338496,2021-08-26 01:00:00-04:00
122.57,124.51,122.57,124.4,336392,2021-08-27 01:00:00-04:00
124.31,124.35,122.91,122.95,276062,2021-08-30 01:00:00-04:00
122.68,124.28,122.29,123.4,521781,2021-08-31 01:00:00-04:00
123.4,123.4,121.39,122.18,366547,2021-09-01 01:00:00-04:00
122.44,122.76,121.55,122.12,342058,2021-09-02 01:00:00-04:00
122.35,122.35,120.685,121.08,370361,2021-09-03 01:00:00-04:00
121.37,121.37,119.35,119.43,357133,2021-09-07 01:00:00-04:00
119.14,121.17,118.7,120.24,361235,2021-09-08 01:00:00-04:00
120.27,121.87,119.16,119.25,410296,2021-09-09 01:00:00-04:00
119.64,120.2422,117.34,117.38,382881,2021-09-10 01:00:00-04:00
118.12,118.97,117.33,118.49,362039,2021-09-13 01:00:00-04:00
118.66,118.66,116.94,117.44,463208,2021-09-14 01:00:00-04:00
116.4955,118.61,116.3,118.29,494173,2021-09-15 01:00:00-04:00
118.28,118.51,117.1,117.89,368865,2021-09-16 01:00:00-04:00
117.42,118.39,116.32,116.45,1091852,2021-09-17 01:00:00-04:00
114.81,115.15,112.7,114.27,599071,2021-09-20 01:00:00-04:00
115.03,115.49,113.37,113.75,402762,2021-09-21 01:00:00-04:00
115.09,115.23,114.1625,114.46,359077,2021-09-22 01:00:00-04:00
115.27,117.29,115.26,116.11,398417,2021-09-23 01:00:00-04:00
116.36,117.17,115.37,116.62,252363,2021-09-24 01:00:00-04:00
117.21,118.8,117.18,118.48,404029,2021-09-27 01:00:00-04:00
118.26,119.25,115.54,115.72,498131,2021-09-28 01:00:00-04:00
115.83,117.25,115.57,116.35,315047,2021-09-29 01:00:00-04:00
117.05,117.87,113.62,114.22,758595,2021-09-30 01:00:00-04:00
114.4,115.77,112.76,114.79,481335,2021-10-01 01:00:00-04:00
114.28,115.93,112.97,113.32,673789,2021-10-04 01:00:00-04:00
113.87,115.96,112.715,115.5,528663,2021-10-05 01:00:00-04:00
114.53,116.55,113.53,116.47,338603,2021-10-06 01:00:00-04:00
117.78,119.05,117.76,118.87,385721,2021-10-07 01:00:00-04:00
119.55,120.61,118.89,120.09,427405,2021-10-08 01:00:00-04:00
120.34,122.5778,118.72,118.76,336157,2021-10-11 01:00:00-04:00
118.94,119.935,117.87,118.08,310816,2021-10-12 01:00:00-04:00
117.93,117.95,116.36,116.99,355328,2021-10-13 01:00:00-04:00
117.65,119.165,117.39,118.52,479936,2021-10-14 01:00:00-04:00
120.01,120.5281,118.24,118.94,356494,2021-10-15 01:00:00-04:00
118.76,118.76,116.805,116.96,316512,2021-10-18 01:00:00-04:00
118.16,119.31,117.15,117.82,303375,2021-10-19 01:00:00-04:00
117.67,120.265,117.67,119.78,365815,2021-10-20 01:00:00-04:00
119.62,120.56,119.095,119.78,308149,2021-10-21 01:00:00-04:00
119.96,122.26,119.96,122.19,395531,2021-10-22 01:00:00-04:00
122.09,123.56,121.19,123.44,476404,2021-10-25 01:00:00-04:00
123.95,123.98,122.7,123.05,477675,2021-10-26 01:00:00-04:00
123.65,123.93,121.06,121.19,633019,2021-10-27 01:00:00-04:00
123.0,127.0,123.0,126.18,708624,2021-10-28 01:00:00-04:00
125.68,126.62,121.02,121.44,927540,2021-10-29 01:00:00-04:00
121.82,122.3,118.425,120.49,596406,2021-11-01 01:00:00-04:00
120.49,123.59,120.02,123.57,580207,2021-11-02 01:00:00-04:00
123.05,125.91,122.24,124.68,507527,2021-11-03 01:00:00-04:00
